run,profile,profile_label,seed,status,completed,failed_stage,failure_reason,maxBattles,maxTurnsPerBattle,maxBossLosses,totalBattles,normalBattles,bossBattles,totalTurns,wins,losses,stalledBattles,timerOrTurnCaps,kos,guardTurns,maxGuardStreak,maxBattleTurns,guardLoopBattles,battles50Plus,battles100Plus,scoutAttempts,scoutSuccesses,zeroRewardScoutWins,scoutCharmPurchases,scoutCharmConsumed,scoutCharmWasted,charmWasteRate,fusions,fusionLevelDebt,levelRecoveryBattles,trainingBooks,trainingGold,freeHeals,questClaims,rankClaims,battleGold,questGold,rankGold,defeatGoldLost,goldInflow,goldSink,goldSinkRate,minGold,finalGold,finalHighestLevel,finalPlayerRank,firstBRankBattle,firstARankBattle,firstSRankBattle,finalOwned,finalDexDiscovered,finalDexScouted,bossesCleared,finalParty
1,rush,速攻,3258477,stuck,0,tower,boss_retry_cap,1000,400,80,283,149,134,1067,150,133,0,0,428,0,0,11,0,0,0,2,2,2,0,1,1,1,0,0,0,328,19680,283,23,6,17262,6400,1550,5368,25292,25048,0.9903526806895461,80,244,33,7,,,,3,24,3,4,リーフリン Lv33 / つぼみラビ Lv32 / ぷるミン Lv33
2,balanced,バランス,3771453417,completed,1,,,1000,400,80,650,440,210,14836,422,228,0,0,566,43,1,205,0,100,68,65,13,11,0,1,1,1,0,0,0,3070,184200,650,43,11,351091,63480,5600,206647,420251,390847,0.9300322902265551,80,29404,100,12,36,,,14,59,14,13,コーラルルーメ Lv100 / サンラビ Lv100 / インプファング Lv94
3,collector,収集・配合,3632256591,completed,1,,,1000,400,80,687,481,206,8821,479,208,0,0,680,132,1,152,0,54,33,112,31,29,367,368,311,0.845108695652174,1,24,0,3629,217740,687,45,11,279568,64480,5600,102823,349728,338913,0.9690759676091134,80,10815,92,12,188,484,,31,61,32,13,パールセラフ Lv92 / ヘルナイト Lv92 / ゲイルグリフ Lv89
4,rush,速攻,2885738923,stuck,0,tower,boss_retry_cap,1000,400,80,284,148,136,1057,152,132,0,0,425,0,0,9,0,0,0,2,2,2,0,1,1,1,0,0,0,318,19080,284,23,6,16660,6400,1550,5280,24690,24360,0.9866342648845686,80,330,33,7,,,,3,23,3,4,プフバット Lv33 / つぼみラビ Lv32 / ぷるミン Lv33
5,balanced,バランス,2642209564,stuck,0,sky_ruins,boss_retry_cap,1000,400,80,720,480,240,2797,487,233,0,0,739,238,1,22,0,0,0,48,14,12,0,1,1,1,0,0,0,3826,229560,720,43,11,401603,55830,5600,212239,463113,441799,0.9539766752390885,80,21314,100,12,476,,,15,62,15,12,ゲイルグリフ Lv100 / クラッグベア Lv100 / クリスタゴン Lv100
6,collector,収集・配合,1922724446,stuck,0,sky_ruins,boss_stalled,1000,400,80,546,376,170,12481,378,167,1,1,587,108,1,400,0,88,20,89,23,22,295,296,243,0.8209459459459459,0,0,0,3047,182820,546,43,10,230179,55830,4500,88136,290589,285706,0.9831961980666852,80,4883,94,11,72,339,,24,63,24,12,パールセラフ Lv94 / ルーメンオウル Lv94 / 雲ぷる Lv78
7,rush,速攻,485318323,stuck,0,tower,boss_retry_cap,1000,400,80,278,150,128,980,144,134,0,0,392,0,0,8,0,0,0,4,2,2,0,1,1,1,0,0,0,308,18480,278,23,6,16205,6400,1550,5435,24235,23915,0.9867959562616051,80,320,33,7,,,,3,24,3,4,アワマリン Lv31 / つぼみラビ Lv33 / ぷるミン Lv32
8,balanced,バランス,1650766873,stuck,0,sky_ruins,boss_retry_cap,1000,400,80,855,571,284,3330,575,280,0,0,976,255,1,25,0,0,0,66,12,10,0,1,1,1,1,34,0,4092,245520,855,43,12,457932,55130,6850,253273,519992,498793,0.959232065108694,80,21199,100,13,58,,,12,62,14,12,サンラビ Lv100 / クラッグベア Lv100 / サンダードローン Lv100
9,collector,収集・配合,213382892,completed,1,,,1000,400,80,917,660,257,28349,616,301,0,0,1031,104,1,317,0,132,98,127,23,22,497,498,435,0.8734939759036144,2,53,0,3748,224880,917,45,12,415908,64480,6850,212846,487318,462576,0.9492282246910642,80,24742,100,13,251,741,,22,62,24,13,ドゥームゲイザー Lv98 / アビスジェリー Lv100 / ルーメンオウル Lv100
10,rush,速攻,2035824539,stuck,0,tower,boss_retry_cap,1000,400,80,234,125,109,885,125,109,0,0,327,0,0,10,0,0,0,3,2,2,0,1,1,1,0,0,0,295,17700,234,23,6,14606,6400,1550,4632,22636,22332,0.9865700653825764,80,304,32,7,,,,3,22,3,4,ペブロン Lv31 / つぼみラビ Lv32 / ぷるミン Lv32
11,balanced,バランス,1443398266,stuck,0,demon_gate,boss_retry_cap,1000,400,80,879,587,292,14739,590,289,0,0,967,198,1,131,0,115,61,49,13,11,0,1,1,1,0,0,0,3867,232020,879,40,12,377469,43580,6850,177947,427979,409967,0.9579138228744868,80,18012,100,13,214,,,14,54,14,11,ルミネル Lv100 / アビスフィン Lv100 / グルーモス Lv100
12,collector,収集・配合,1671141722,completed,1,,,1000,400,80,736,512,224,8396,513,223,0,0,751,130,1,321,0,31,25,98,26,26,392,393,346,0.8804071246819338,0,0,0,3798,227880,736,44,11,299597,64330,5600,107533,369607,355013,0.9605148170895031,80,14594,98,12,236,649,,27,63,27,13,ストームジン Lv94 / 雲ぷる Lv97 / コーラルルーメ Lv98
13,rush,速攻,2844491265,stuck,0,snowfield,boss_retry_cap,1000,400,80,305,167,138,1101,158,147,0,0,432,0,0,11,0,0,0,2,2,2,0,1,1,1,0,0,0,485,29100,305,25,7,25363,9000,2100,7067,36543,36167,0.9897107517171552,59,376,40,8,,,,3,30,3,5,トゲホッグ Lv39 / ぷるミン Lv40 / プフバット Lv39
14,balanced,バランス,2574569498,stuck,0,sky_ruins,boss_retry_cap,1000,400,80,934,649,285,36350,575,359,0,0,1112,73,1,311,0,135,127,80,14,13,0,1,1,1,0,0,0,3407,204420,934,43,12,465737,55830,6850,302878,528497,507298,0.9598881355996345,72,21199,100,13,,,,15,57,15,12,アビスジェリー Lv100 / ルーメンオウル Lv100 / グルーモス Lv100
15,collector,収集・配合,2440960008,completed,1,,,1000,400,80,881,628,253,22415,621,260,0,0,944,151,1,301,0,115,62,110,30,28,491,492,435,0.8841463414634146,1,38,0,3976,238560,881,45,12,406614,64480,6850,190694,478024,453804,0.9493330878784328,80,24220,100,13,417,727,,30,63,32,13,アビスジェリー Lv100 / ヘルナイト Lv98 / コーラルルーメ Lv100
16,rush,速攻,3382052841,stuck,0,thunder_ruins,boss_retry_cap,1000,400,80,525,273,252,1823,277,248,0,0,783,0,0,8,0,0,0,2,2,2,0,1,1,1,0,0,0,873,52380,525,26,8,52038,10000,2750,12053,64868,64433,0.9932940741197509,80,435,51,9,,,,3,32,3,6,ぷるミン Lv51 / プフバット Lv51 / つぼみラビ Lv51
17,balanced,バランス,3244369561,completed,1,,,1000,400,80,627,416,211,4195,421,206,0,0,682,73,1,64,0,25,0,51,13,13,0,1,1,1,0,0,0,3453,207180,627,43,11,223724,63480,5600,69074,292884,276254,0.9432198413023586,80,16630,83,12,183,606,,14,60,14,13,ストームジン Lv78 / ドゥームゲイザー Lv73 / アビスフィン Lv83
18,collector,収集・配合,3653777182,completed,1,,,1000,400,80,790,563,227,24159,563,227,0,0,763,139,1,337,0,138,107,76,34,31,463,464,417,0.8987068965517241,2,86,17,3971,238260,790,45,12,367050,64480,6850,153700,438460,415110,0.9467454271769374,80,23350,100,13,48,618,,33,67,37,13,ドゥームゲイザー Lv100 / ルーメンオウル Lv100 / 雲ぷる Lv99
19,rush,速攻,873058177,stuck,0,snowfield,boss_retry_cap,1000,400,80,361,190,171,1317,191,170,0,0,516,0,0,10,0,0,0,3,2,2,0,1,1,1,0,0,0,544,32640,361,25,7,29610,9000,2100,7864,40790,40504,0.9929884775680314,80,286,41,8,,,,3,30,3,5,ペブロン Lv41 / ぷるミン Lv41 / プフバット Lv41
20,balanced,バランス,4138599140,completed,1,,,1000,400,80,987,657,330,34070,664,323,0,0,1027,154,1,356,0,144,102,33,16,13,0,1,1,1,0,0,0,3989,239340,987,44,13,496911,64330,8250,300386,569571,539726,0.9476009136701131,80,29845,100,14,44,,,17,60,17,13,雲ぷる Lv100 / アビスジェリー Lv100 / スノーフェア Lv100
21,collector,収集・配合,2377959507,stuck,0,sky_ruins,boss_stalled,1000,400,80,646,458,188,24016,445,200,1,1,747,110,1,400,0,98,80,125,25,23,366,367,296,0.8065395095367848,1,24,0,3495,209700,646,44,11,279682,55980,5600,100613,341342,328613,0.9627089546554483,80,12729,100,12,538,538,,25,61,26,12,アビスジェリー Lv100 / コーラルルーメ Lv100 / ルーメンオウル Lv97
22,rush,速攻,2951253586,stuck,0,tower,boss_retry_cap,1000,400,80,321,167,154,1195,170,151,0,0,489,0,0,9,0,0,0,3,2,2,0,1,1,1,0,0,0,336,20160,321,23,6,18197,6400,1550,5797,26227,25957,0.9897052655660198,80,270,34,7,,,,3,24,3,4,プフバット Lv33 / つぼみラビ Lv33 / ぷるミン Lv34
23,balanced,バランス,1106256717,stuck,0,sky_ruins,boss_stalled,1000,400,80,565,377,188,14310,380,184,1,1,616,60,1,400,0,60,39,48,14,13,0,1,1,1,0,0,0,3982,238920,565,43,10,252287,55830,4500,67954,312697,306874,0.981378139221035,80,5823,100,11,149,,,15,62,15,12,アビスジェリー Lv100 / ルーメンオウル Lv100 / 雲ぷる Lv86
24,collector,収集・配合,501635,stuck,0,demon_gate,boss_training_campaign_cap,1000,400,80,1000,726,274,28283,733,267,0,0,1050,259,1,154,0,188,126,105,26,24,612,613,566,0.9233278955954323,3,89,19,3628,217680,1000,43,13,484666,49780,8250,271832,542776,520112,0.9582442849352218,80,22664,100,14,204,,,24,60,30,11,アビスジェリー Lv100 / ルミネル Lv100 / クリスタゴン Lv100
25,rush,速攻,4199370162,stuck,0,snowfield,boss_retry_cap,1000,400,80,385,202,183,1460,203,182,0,0,557,0,0,11,0,0,0,3,2,2,0,1,1,1,0,0,0,554,33240,385,25,7,30991,9000,2100,8542,42171,41782,0.9907756515140737,80,389,42,8,,,,3,29,3,5,ペブロン Lv42 / ぷるミン Lv42 / プフバット Lv42
26,balanced,バランス,1472868958,completed,1,,,1000,400,80,454,300,154,4009,311,143,0,0,465,79,1,141,0,19,12,39,14,12,0,1,1,1,1,10,0,2574,154440,454,45,10,169589,64480,4500,57206,238649,211646,0.8868505629606661,80,27003,85,11,364,364,,14,59,16,13,パールセラフ Lv77 / ルミネル Lv85 / サンラビ Lv79
27,collector,収集・配合,3086147364,stuck,0,sky_ruins,boss_training_campaign_cap,1000,400,80,1000,721,279,44846,706,294,0,0,1012,134,1,295,0,238,142,109,28,26,608,609,547,0.8981937602627258,1,22,0,3261,195660,1000,44,13,559072,55980,8250,369252,623382,595312,0.9549714300380826,80,28070,100,14,197,,,28,65,30,12,アビスジェリー Lv100 / ルーメンオウル Lv100 / ルミネル Lv100
28,rush,速攻,1841697265,stuck,0,thunder_ruins,boss_retry_cap,1000,400,80,515,267,248,1901,273,242,0,0,756,0,0,15,0,0,0,2,2,2,0,1,1,1,0,0,0,851,51060,515,26,8,50158,10000,2750,11571,62988,62631,0.9943322537626215,80,357,50,9,,,,3,33,3,6,ぷるミン Lv50 / リーフリン Lv50 / プフバット Lv50
29,balanced,バランス,2352959234,completed,1,,,1000,400,80,919,613,306,25849,615,304,0,0,965,84,1,332,0,138,104,62,15,13,0,1,1,1,0,0,0,3904,234240,919,44,12,463654,64330,6850,271136,534914,505376,0.9447799085460467,80,29538,100,13,,,,16,62,16,13,アビスジェリー Lv100 / 雲ぷる Lv100 / ルミネル Lv100
30,collector,収集・配合,800146132,completed,1,,,1000,400,80,702,493,209,14474,473,229,0,0,828,105,1,267,0,107,31,126,25,24,371,372,317,0.8521505376344086,0,0,0,2972,178320,702,44,11,247644,64330,5600,106922,317654,303792,0.9563613239562543,80,13862,86,12,434,670,,26,62,26,13,ストームジン Lv71 / ドゥームゲイザー Lv75 / アビスジェリー Lv86
31,rush,速攻,2638289734,stuck,0,snowfield,boss_retry_cap,1000,400,80,467,245,222,1744,242,225,0,0,654,0,0,11,0,0,0,5,2,2,0,1,1,1,0,0,0,595,35700,467,25,8,33760,9000,2750,9538,45590,45238,0.9922790085545076,80,352,43,9,,,,3,30,3,5,アワマリン Lv42 / ぷるミン Lv43 / プフバット Lv43
32,balanced,バランス,3574797574,stuck,0,demon_gate,boss_retry_cap,1000,400,80,786,524,262,14526,527,259,0,0,861,125,1,207,0,59,57,42,12,11,0,1,1,1,0,0,0,3690,221400,786,40,11,336070,41780,5600,144139,383530,365539,0.9530910228665294,80,17991,100,12,,,,13,58,13,11,コーラルルーメ Lv100 / アイアンマンティス Lv100 / グルーモス Lv100
33,collector,収集・配合,4090070062,stuck,0,prism_sanctuary,boss_retry_cap,1000,400,80,967,802,165,12468,379,588,0,0,1413,234,1,64,0,7,0,50,15,13,290,291,263,0.9037800687285223,1,34,0,1186,71160,967,35,10,109513,16980,4500,43629,131073,129289,0.9863892639979248,8,1784,63,11,256,259,,15,36,17,7,グルーモス Lv63 / クリスタゴン Lv55 / リーファウル Lv56
34,rush,速攻,3616753783,stuck,0,thunder_ruins,boss_retry_cap,1000,400,80,481,250,231,1636,256,225,0,0,656,0,0,9,0,0,0,3,2,2,0,1,1,1,0,0,0,756,45360,481,26,8,43670,10000,2750,10693,56500,56053,0.9920884955752213,80,447,48,9,,,,3,32,3,6,リーファウル Lv47 / ぷるミン Lv48 / プフバット Lv48
35,balanced,バランス,2843837247,completed,1,,,1000,400,80,505,334,171,1887,342,163,0,0,547,148,1,14,0,0,0,41,14,12,0,1,1,1,0,0,0,3233,193980,505,44,10,205938,64330,4500,63569,274848,257549,0.9370597566655023,80,17299,93,11,31,493,,15,59,15,13,ストームジン Lv84 / アビスフィン Lv87 / シンダーホーン Lv93
36,collector,収集・配合,1019984635,completed,1,,,1000,400,80,553,382,171,8126,380,173,0,0,642,161,1,81,0,95,0,113,23,21,307,308,253,0.8214285714285714,0,0,0,3460,207600,553,44,10,268478,64330,4500,103642,337388,326592,0.9680012330017665,80,10796,100,11,158,,,24,61,24,13,アビスジェリー Lv90 / ヘルナイト Lv92 / ヨミオオカミ Lv100
37,rush,速攻,104429370,stuck,0,tower,boss_retry_cap,1000,400,80,232,122,110,884,126,106,0,0,328,0,0,14,0,0,0,2,2,2,0,1,1,1,0,0,0,297,17820,232,23,6,14685,6400,1550,4636,22715,22456,0.988597842835131,80,259,32,7,,,,3,23,3,4,ペブロン Lv31 / リーフリン Lv32 / ぷるミン Lv32
38,balanced,バランス,2651495576,stuck,0,demon_gate,boss_retry_cap,1000,400,80,757,515,242,31074,487,270,0,0,745,44,1,360,0,114,75,64,11,10,0,1,1,1,0,0,0,3541,212460,757,41,11,370275,48780,5600,194747,424735,407207,0.9587319151941799,80,17528,100,12,34,,,12,55,12,11,コーラルルーメ Lv100 / ルミネル Lv100 / ドクキノコ Lv100
39,collector,収集・配合,3681295410,completed,1,,,1000,400,80,775,549,226,11647,542,233,0,0,872,156,1,141,0,55,26,88,31,29,428,429,372,0.8671328671328671,1,39,0,3600,216000,775,45,12,284726,64480,6850,107853,356136,345253,0.9694414493339623,80,10883,83,13,223,224,,31,63,31,13,ドゥームゲイザー Lv66 / アビスジェリー Lv83 / ヘルナイト Lv83
40,rush,速攻,3611225234,stuck,0,tower,boss_retry_cap,1000,400,80,264,138,126,919,142,122,0,0,375,0,0,9,0,0,0,4,2,2,0,1,1,1,0,0,0,313,18780,264,23,6,16018,6400,1550,4987,24048,23767,0.9883150365934797,80,281,33,7,,,,3,23,3,4,アワマリン Lv31 / リーフリン Lv32 / ぷるミン Lv33
41,balanced,バランス,2876738944,completed,1,,,1000,400,80,995,664,331,38166,664,331,0,0,1071,90,1,336,0,187,144,73,15,13,0,1,1,1,0,0,0,3828,229680,995,44,13,555416,64330,8250,368291,628076,597971,0.9520679026105121,80,30105,100,14,,,,16,64,16,13,雲ぷる Lv100 / アビスジェリー Lv100 / ルミネル Lv100
42,collector,収集・配合,1018959713,stuck,0,demon_gate,boss_training_campaign_cap,1000,400,80,1000,722,278,50641,723,277,0,0,1026,191,1,302,0,229,199,71,23,21,600,601,556,0.9251247920133111,1,24,0,3524,211440,1000,42,13,491133,44580,8250,279500,544043,520940,0.9575346066395487,80,23103,100,14,46,,,23,54,25,11,コーラルルーメ Lv100 / アビスジェリー Lv100 / ルミネル Lv100
43,rush,速攻,981164110,stuck,0,tower,boss_retry_cap,1000,400,80,275,144,131,1019,147,128,0,0,428,0,0,14,0,0,0,2,2,2,0,1,1,1,0,0,0,315,18900,275,23,6,16452,6400,1550,5283,24482,24183,0.9877869455109877,80,299,33,7,,,,3,24,3,4,プフバット Lv31 / つぼみラビ Lv32 / ぷるミン Lv33
44,balanced,バランス,86658215,completed,1,,,1000,400,80,723,480,243,9475,486,237,0,0,787,198,1,186,0,39,39,51,11,10,0,1,1,1,0,0,0,3821,229260,723,43,11,352486,63480,5600,163212,421646,392472,0.9308092570544959,80,29174,100,12,198,,,12,59,12,13,雲ぷる Lv100 / アビスフィン Lv100 / ヨミオオカミ Lv100
45,collector,収集・配合,3034292369,completed,1,,,1000,400,80,701,496,205,5200,495,206,0,0,680,89,1,69,0,42,0,71,25,22,388,389,344,0.884318766066838,0,0,0,3417,205020,701,44,11,263603,64330,5600,98159,333613,322579,0.9669257492963403,80,11034,91,12,54,662,,26,59,26,13,ストームジン Lv75 / ドゥームゲイザー Lv69 / アビスジェリー Lv91
46,rush,速攻,1877037586,stuck,0,snowfield,boss_retry_cap,1000,400,80,295,156,139,1017,159,136,0,0,413,0,0,7,0,0,0,3,2,2,0,1,1,1,0,0,0,494,29640,295,25,7,25662,9000,2100,6820,36842,36460,0.9896313989468541,80,382,40,8,,,,3,28,3,5,ドリモール Lv39 / プフバット Lv40 / ぷるミン Lv40
47,balanced,バランス,1480066392,stuck,0,sky_ruins,boss_retry_cap,1000,400,80,763,510,253,33940,511,252,0,0,795,185,1,348,0,112,110,50,14,12,0,1,1,1,0,0,0,3932,235920,763,43,11,435325,55830,5600,239385,496835,475305,0.9566656938420199,80,21530,100,12,291,,,15,62,15,12,雲ぷる Lv100 / ルーメンオウル Lv100 / アビスフィン Lv100
48,collector,収集・配合,2337482876,completed,1,,,1000,400,80,875,648,227,14951,579,296,0,0,864,155,1,241,0,63,42,88,29,27,475,476,419,0.8802521008403361,3,125,38,3935,236100,875,45,12,317328,64480,6850,118046,388738,377896,0.972109750011576,45,10842,94,13,184,187,,27,63,33,13,パールセラフ Lv94 / ストームジン Lv88 / アビスジェリー Lv92
49,rush,速攻,4108865112,stuck,0,prism_sanctuary,boss_retry_cap,1000,400,80,632,333,299,2424,330,302,0,0,936,0,0,11,0,0,0,2,2,2,0,1,1,1,0,0,0,1304,78240,632,28,9,79586,12500,3550,16883,95716,95123,0.993804588574533,80,593,60,10,,,,3,35,3,7,ペブロン Lv58 / ぷるミン Lv60 / つぼみラビ Lv60
50,balanced,バランス,1146495245,stuck,0,sky_ruins,boss_retry_cap,1000,400,80,860,572,288,25189,579,281,0,0,899,126,1,242,0,123,77,57,14,13,0,1,1,1,0,0,0,3938,236280,860,43,12,455658,55830,6850,260318,518418,496598,0.9579104120613096,80,21820,100,13,150,551,,15,63,15,12,ドゥームゲイザー Lv100 / コーラルルーメ Lv100 / ルミネル Lv100
51,collector,収集・配合,3531643744,completed,1,,,1000,400,80,755,540,215,16959,516,239,0,0,864,146,1,259,0,99,55,122,27,24,430,431,355,0.8236658932714617,2,28,0,3709,222540,755,45,11,329122,64480,5600,135050,399282,379090,0.9494292254597002,80,20192,100,12,49,597,,26,62,30,13,ドゥームゲイザー Lv100 / アビスジェリー Lv100 / ルーメンオウル Lv100
52,rush,速攻,1393356969,stuck,0,tower,boss_retry_cap,1000,400,80,289,151,138,1059,154,135,0,0,429,0,0,12,0,0,0,2,2,2,0,1,1,1,0,0,0,330,19800,289,23,6,17517,6400,1550,5424,25547,25224,0.9873566367870983,80,323,34,7,,,,3,22,3,4,リーフリン Lv33 / つぼみラビ Lv34 / ぷるミン Lv34
53,balanced,バランス,2317690890,stuck,0,sky_ruins,boss_retry_cap,1000,400,80,819,552,267,18548,538,281,0,0,935,201,1,144,0,128,101,59,10,10,0,1,1,1,0,0,0,3708,222480,819,42,12,447737,54980,6850,265313,509647,487793,0.9571193394643743,80,21854,100,13,496,,,11,63,11,12,アビスジェリー Lv100 / スノーフェア Lv100 / シンダーホーン Lv100
54,collector,収集・配合,1433778516,stuck,0,sky_ruins,boss_training_campaign_cap,1000,400,80,1000,740,260,36988,732,268,0,0,940,138,1,346,0,159,102,121,27,25,637,638,578,0.9059561128526645,3,129,82,3782,226920,1000,44,13,537583,55980,8250,314011,601893,572781,0.9516325991496828,80,29112,100,14,199,530,,25,65,31,12,パールセラフ Lv100 / アビスジェリー Lv100 / ルーメンオウル Lv100
55,rush,速攻,3597730807,stuck,0,tower,boss_retry_cap,1000,400,80,305,163,142,1071,158,147,0,0,410,0,0,7,0,0,0,6,2,2,0,1,1,1,0,0,0,297,17820,305,23,6,15907,6400,1550,5824,23937,23644,0.9877595354472156,80,293,33,7,,,,3,25,3,4,アッシュインプ Lv28 / プフバット Lv32 / ぷるミン Lv33
56,balanced,バランス,776290351,stuck,0,sky_ruins,boss_retry_cap,1000,400,80,985,662,323,21229,653,332,0,0,1054,208,1,146,0,144,105,79,11,10,0,1,1,1,0,0,0,3852,231120,985,42,12,500979,54980,6850,310056,562889,541176,0.9614257873221896,80,21713,100,13,215,,,12,60,12,12,アビスフィン Lv100 / ルミネル Lv100 / スノーフェア Lv100
57,collector,収集・配合,465866784,completed,1,,,1000,400,80,681,477,204,14762,466,215,0,0,751,103,1,299,0,85,41,97,28,27,374,375,315,0.84,2,52,0,3168,190080,681,45,11,252519,64480,5600,101976,322679,310756,0.9630499660653467,80,11923,96,12,207,488,,27,65,31,13,パールセラフ Lv74 / ストームジン Lv84 / ルーメンオウル Lv96
58,rush,速攻,1783657828,stuck,0,tower,boss_retry_cap,1000,400,80,328,171,157,1192,173,155,0,0,491,0,0,8,0,0,0,3,2,2,0,1,1,1,0,0,0,339,20340,328,23,6,18546,6400,1550,5933,26576,26273,0.9885987357013847,80,303,34,7,,,,3,25,3,4,プフバット Lv33 / つぼみラビ Lv34 / ぷるミン Lv34
59,balanced,バランス,3834447851,stuck,0,sky_ruins,boss_retry_cap,1000,400,80,853,571,282,3181,573,280,0,0,965,220,1,22,0,0,0,61,14,11,0,1,1,1,0,0,0,3894,233640,853,43,12,443940,55830,6850,251213,506700,484853,0.9568837576475232,80,21847,100,13,364,364,,15,60,15,12,サンダードローン Lv100 / クリスタゴン Lv100 / アイアンマンティス Lv100
60,collector,収集・配合,1271005014,stuck,0,sky_ruins,boss_retry_cap,1000,400,80,997,736,261,53177,718,279,0,0,1009,148,1,384,0,230,157,101,26,25,653,654,593,0.9067278287461774,2,89,65,3605,216300,997,44,13,598096,55980,8250,381217,662406,630167,0.9513304529246414,80,32239,100,14,294,,,25,66,28,12,アビスジェリー Lv100 / ルーメンオウル Lv100 / コーラルルーメ Lv100
61,rush,速攻,3987450121,stuck,0,tower,boss_retry_cap,1000,400,80,269,141,128,1009,144,125,0,0,406,0,0,10,0,0,0,2,2,2,0,1,1,1,0,0,0,315,18900,269,23,6,16200,6400,1550,5082,24230,23982,0.9897647544366488,80,248,33,7,,,,3,23,3,4,プフバット Lv31 / リーフリン Lv33 / ぷるミン Lv33
62,balanced,バランス,1770363672,stuck,0,sky_ruins,boss_retry_cap,1000,400,80,836,559,277,11278,562,274,0,0,896,260,1,73,0,127,0,45,12,10,0,1,1,1,0,0,0,3554,213240,836,42,12,446044,54980,6850,272220,507954,485460,0.9557164625143222,80,22494,100,13,190,,,13,61,13,12,ヨミオオカミ Lv100 / ルミネル Lv100 / スチールバグ Lv100
63,collector,収集・配合,2944280849,completed,1,,,1000,400,80,731,523,208,20623,483,248,0,0,853,131,1,248,0,135,77,93,24,23,416,417,334,0.8009592326139089,1,23,0,3609,216540,731,45,11,311087,64480,5600,128488,381247,365828,0.9595564030667783,80,15419,100,12,150,151,,24,62,26,13,アビスジェリー Lv97 / ルーメンオウル Lv100 / ヘルナイト Lv87
64,rush,速攻,1604035424,stuck,0,prism_sanctuary,boss_retry_cap,1000,400,80,522,274,248,1843,279,243,0,0,754,0,0,10,0,0,0,2,2,2,0,1,1,1,0,0,0,1200,72000,522,28,9,71005,12500,3550,14535,87135,86535,0.9931141332415218,80,600,58,10,,,,3,35,3,7,ドリモール Lv56 / ぷるミン Lv58 / つぼみラビ Lv58
65,balanced,バランス,2277310352,completed,1,,,1000,400,80,647,432,215,2447,432,215,0,0,701,174,1,18,0,0,0,88,11,9,0,1,1,1,0,0,0,3852,231120,647,43,11,310831,63480,5600,119627,379991,350747,0.9230402825330074,80,29244,100,12,204,,,12,62,12,13,ヘルナイト Lv93 / ヨミオオカミ Lv100 / シンダーホーン Lv100
66,collector,収集・配合,2437391413,completed,1,,,1000,400,80,793,559,234,28456,558,235,0,0,847,132,1,289,0,152,115,93,30,29,438,439,385,0.876993166287016,2,28,0,3370,202200,793,45,12,332470,64480,6850,156665,403880,380765,0.9427676537585421,80,23115,100,13,280,634,,29,64,33,13,アビスジェリー Lv100 / ルーメンオウル Lv100 / ドゥームゲイザー Lv72
67,rush,速攻,4024521324,stuck,0,tower,boss_retry_cap,1000,400,80,297,159,138,1036,154,143,0,0,452,0,0,9,0,0,0,3,2,2,0,1,1,1,0,0,0,320,19200,297,23,6,16948,6400,1550,5488,24978,24688,0.988389783009048,76,290,33,7,,,,3,22,3,4,プフバット Lv32 / つぼみラビ Lv33 / ぷるミン Lv33
68,balanced,バランス,2527087544,completed,1,,,1000,400,80,670,444,226,5685,454,216,0,0,718,142,1,70,0,44,0,46,13,12,0,1,1,1,0,0,0,4480,268800,670,43,11,283115,63480,5600,68710,352275,337510,0.9580867220211482,80,14765,99,12,63,,,14,63,14,13,ヘルナイト Lv88 / ゲイルグリフ Lv93 / アビスフィン Lv99
69,collector,収集・配合,252007887,stuck,0,sky_ruins,boss_training_campaign_cap,1000,400,80,1000,722,278,33739,715,285,0,0,918,182,1,265,0,172,133,81,28,26,599,600,547,0.9116666666666666,0,0,0,3639,218340,1000,43,13,520417,55830,8250,306182,584577,554472,0.9485012239619417,80,30105,100,14,577,728,,29,65,29,12,ドゥームゲイザー Lv100 / ルーメンオウル Lv100 / ルミネル Lv100
70,rush,速攻,807424019,stuck,0,thunder_ruins,boss_retry_cap,1000,400,80,553,292,261,2070,286,267,0,0,790,0,0,10,0,0,0,4,2,2,0,1,1,1,0,0,0,868,52080,553,26,8,52070,10000,2750,12352,64900,64432,0.992788906009245,59,468,51,9,,,,3,32,3,6,アワマリン Lv50 / ぷるミン Lv51 / リーフリン Lv51
71,balanced,バランス,4022196546,stuck,0,sky_ruins,boss_retry_cap,1000,400,80,943,634,309,27262,626,317,0,0,990,125,1,227,0,131,98,59,15,13,0,1,1,1,0,0,0,3803,228180,943,43,12,471011,55830,6850,283729,533771,511909,0.9590423608626171,80,21862,100,13,,,,16,63,16,12,コーラルルーメ Lv100 / ルミネル Lv100 / クリスタゴン Lv100
72,collector,収集・配合,821857122,stuck,0,deep_sea_temple,boss_retry_cap,1000,400,80,889,642,247,10075,635,254,0,0,816,155,1,76,0,64,0,112,23,21,509,510,458,0.8980392156862745,1,50,0,3582,214920,889,41,12,334100,40380,6850,122334,381410,362704,0.9509556645080097,80,18706,100,13,267,,,23,52,25,10,ルミネル Lv97 / クリスタゴン Lv100 / グルーモス Lv99
73,rush,速攻,2413474600,stuck,0,prism_sanctuary,boss_retry_cap,1000,400,80,631,333,298,2318,329,302,0,0,914,0,0,11,0,0,0,3,2,2,0,1,1,1,0,0,0,1270,76200,631,28,9,78549,12500,3550,17840,94679,94040,0.9932508792868535,80,639,60,10,,,,3,33,3,7,ペブロン Lv59 / ぷるミン Lv60 / プフバット Lv60
74,balanced,バランス,3265865549,stuck,0,demon_gate,boss_retry_cap,1000,400,80,702,470,232,28753,470,232,0,0,746,89,1,366,0,103,74,35,13,11,0,1,1,1,0,0,0,3588,215280,702,40,11,329765,43580,5600,145649,379025,360929,0.9522564474638876,80,18096,100,12,,,,14,54,14,11,ルーメンオウル Lv100 / コーラルルーメ Lv100 / ルミネル Lv100
75,collector,収集・配合,1417342317,completed,1,,,1000,400,80,748,530,218,17975,513,235,0,0,844,129,1,248,0,92,62,138,24,22,425,426,354,0.8309859154929577,2,74,0,4083,244980,748,45,11,351931,64480,5600,135784,422091,402014,0.9524344276471187,80,20077,100,12,320,551,,23,65,26,13,ドゥームゲイザー Lv92 / アビスジェリー Lv100 / コーラルルーメ Lv100
76,rush,速攻,2150450191,stuck,0,prism_sanctuary,boss_retry_cap,1000,400,80,590,311,279,2187,310,280,0,0,897,0,0,9,0,0,0,2,2,2,0,1,1,1,0,0,0,1233,73980,590,28,9,74461,12500,3550,16022,90591,90002,0.9934982503780728,80,589,59,10,,,,3,34,3,7,ペブロン Lv56 / ぷるミン Lv58 / プフバット Lv59
77,balanced,バランス,1272236092,completed,1,,,1000,400,80,529,359,170,7754,340,189,0,0,624,96,1,234,0,32,30,60,13,12,0,1,1,1,0,0,0,3129,187740,529,43,10,213305,63480,4500,78947,281365,266687,0.947832886108791,80,14678,91,11,134,476,,14,60,14,13,ドゥームゲイザー Lv76 / ルーメンオウル Lv91 / アビスジェリー Lv86
78,collector,収集・配合,2259626649,stuck,0,demon_gate,boss_training_campaign_cap,1000,400,80,1000,725,275,47523,719,281,0,0,1011,267,1,320,0,187,181,86,27,24,590,591,538,0.9103214890016921,2,60,0,3654,219240,1000,43,13,445587,49780,8250,230181,503697,478921,0.9508116983027495,80,24776,100,14,61,530,751,26,59,30,11,コーラルルーメ Lv100 / アビスジェリー Lv100 / ルミネル Lv100
79,rush,速攻,1882423920,stuck,0,thunder_ruins,boss_retry_cap,1000,400,80,456,243,213,1752,238,218,0,0,641,0,0,11,0,0,0,2,2,2,0,1,1,1,0,0,0,806,48360,456,26,8,46821,10000,2750,10914,59651,59274,0.9936799047794672,59,377,50,9,,,,3,33,3,6,ペブロン Lv49 / リーフリン Lv49 / ぷるミン Lv50
80,balanced,バランス,3322768215,stuck,0,sky_ruins,boss_training_campaign_cap,1000,400,80,1000,668,332,18572,667,333,0,0,1094,337,1,136,0,121,102,52,13,11,0,1,1,1,0,0,0,4016,240960,1000,42,13,502154,54980,8250,303887,565464,544847,0.9635396771500927,80,20617,100,14,191,,,14,62,14,12,スノーフェア Lv100 / アビスフィン Lv100 / グルーモス Lv100
81,collector,収集・配合,3628861458,stuck,0,sky_ruins,boss_stalled,1000,400,80,864,623,241,36357,595,268,1,1,1040,236,1,400,0,244,147,81,22,20,496,497,430,0.8651911468812877,1,46,0,3854,231240,864,44,12,393571,55980,6850,181833,456481,437873,0.9592359813442399,80,18608,100,13,196,,,22,61,23,12,アビスジェリー Lv100 / ルーメンオウル Lv100 / 雲ぷる Lv80
82,rush,速攻,1570520334,stuck,0,tower,boss_retry_cap,1000,400,80,295,154,141,1073,157,138,0,0,459,0,0,9,0,0,0,2,2,2,0,1,1,1,0,0,0,325,19500,295,23,6,17344,6400,1550,5586,25374,25086,0.9886497990068575,80,288,33,7,,,,3,24,3,4,プフバット Lv32 / つぼみラビ Lv33 / ぷるミン Lv33
83,balanced,バランス,73030072,stuck,0,demon_gate,boss_retry_cap,1000,400,80,913,613,300,15458,603,310,0,0,1008,244,1,137,0,110,72,35,13,12,0,1,1,1,0,0,0,3933,235980,913,40,12,390946,41780,6850,185663,439656,421643,0.9590293320232182,80,18013,100,13,469,,,14,55,14,11,アビスフィン Lv100 / スノーフェア Lv100 / グルーモス Lv100
84,collector,収集・配合,2934331602,stuck,0,sky_ruins,boss_stalled,1000,400,80,777,577,200,20181,550,226,1,1,800,65,1,400,0,104,52,82,26,24,460,461,403,0.8741865509761388,2,64,71,3767,226020,777,44,12,296747,55980,6850,106442,359657,355462,0.9883361091261952,80,4195,95,13,165,678,,25,63,28,12,アビスジェリー Lv92 / 雲ぷる Lv89 / コーラルルーメ Lv95
85,rush,速攻,3154531745,stuck,0,thunder_ruins,boss_retry_cap,1000,400,80,402,211,191,1195,216,186,0,0,546,0,0,8,0,0,0,3,2,2,0,1,1,1,0,0,0,715,42900,402,26,7,40752,10000,2100,9609,52932,52509,0.99200861482657,80,423,47,8,,,,3,31,3,6,グルーモス Lv46 / ぷるミン Lv47 / プフバット Lv47
86,balanced,バランス,680427949,completed,1,,,1000,400,80,585,388,197,7262,397,188,0,0,623,94,1,324,0,25,24,41,14,12,0,1,1,1,0,0,0,4233,253980,585,44,11,277521,64330,5600,77942,347531,331922,0.9550860211031534,80,15609,99,12,485,,,15,60,15,13,雲ぷる Lv94 / ヘルナイト Lv92 / コーラルルーメ Lv99
87,collector,収集・配合,3385733810,stuck,0,sky_ruins,boss_training_campaign_cap,1000,400,80,1000,729,271,61059,705,295,0,0,1164,207,1,400,0,281,217,118,29,26,621,622,548,0.8810289389067524,3,108,0,3693,221580,1000,44,13,547624,55980,8250,330875,611934,583505,0.9535423754849379,80,28429,100,14,38,,,27,62,31,12,アビスジェリー Lv100 / ルーメンオウル Lv100 / コーラルルーメ Lv100
88,rush,速攻,608453641,stuck,0,prism_sanctuary,boss_retry_cap,1000,400,80,608,318,290,2087,321,287,0,0,874,0,0,10,0,0,0,2,2,2,0,1,1,1,0,0,0,1269,76140,608,28,9,77098,12500,3550,16613,93228,92753,0.9949049641738533,80,475,60,10,,,,3,33,3,7,ドリモール Lv57 / ぷるミン Lv59 / プフバット Lv60
89,balanced,バランス,2296774934,completed,1,,,1000,400,80,688,455,233,6531,463,225,0,0,701,111,1,78,0,54,0,41,12,12,0,1,1,1,0,0,0,4276,256560,688,43,11,274423,63480,5600,66559,343583,323119,0.94043942802758,80,20464,96,12,604,,,13,61,13,13,アビスジェリー Lv96 / ヘルナイト Lv87 / ゲイルグリフ Lv90
90,collector,収集・配合,3711575718,completed,1,,,1000,400,80,612,429,183,13962,416,196,0,0,718,108,1,240,0,107,38,85,26,24,341,342,281,0.8216374269005848,0,0,0,3485,209100,612,44,11,271253,64330,5600,104244,341263,330394,0.968150663857494,80,10869,98,12,173,509,,27,61,27,13,ドゥームゲイザー Lv90 / アビスジェリー Lv97 / ルーメンオウル Lv98
91,rush,速攻,1727159599,stuck,0,tower,boss_retry_cap,1000,400,80,259,137,122,1004,138,121,0,0,366,0,0,12,0,0,0,2,2,2,0,1,1,1,0,0,0,305,18300,259,23,6,15441,6400,1550,4886,23471,23186,0.987857355885987,80,285,33,7,,,,3,22,3,4,トゲホッグ Lv32 / つぼみラビ Lv33 / ぷるミン Lv32
92,balanced,バランス,3420804338,completed,1,,,1000,400,80,721,481,240,7309,480,241,0,0,757,105,1,194,0,25,24,55,14,13,0,1,1,1,0,0,0,4103,246180,721,44,11,293874,64330,5600,92502,363884,338682,0.9307416649261853,80,25202,100,12,256,,,15,62,15,13,ヘルナイト Lv91 / 雲ぷる Lv93 / ヨミオオカミ Lv100
93,collector,収集・配合,603849899,completed,1,,,1000,400,80,771,541,230,15503,538,233,0,0,847,174,1,157,0,122,77,123,25,24,418,419,358,0.8544152744630071,2,74,0,3468,208080,771,45,12,331840,64480,6850,150840,403250,379820,0.9418970861748295,80,23430,100,13,378,,,24,64,28,13,ヘルナイト Lv92 / ルーメンオウル Lv97 / クラッグベア Lv100
94,rush,速攻,2654290990,stuck,0,tower,boss_retry_cap,1000,400,80,243,129,114,923,130,113,0,0,351,0,0,10,0,0,0,2,2,2,0,1,1,1,0,0,0,297,17820,243,23,6,14893,6400,1550,4829,22923,22649,0.9880469397548314,80,274,32,7,,,,3,23,3,4,トゲホッグ Lv31 / プフバット Lv32 / ぷるミン Lv32
95,balanced,バランス,405185522,stuck,0,demon_gate,boss_retry_cap,1000,400,80,782,530,252,16783,504,278,0,0,820,81,1,224,0,66,65,46,11,11,0,1,1,1,0,0,0,3549,212940,782,39,11,333851,36980,5600,145895,376511,358835,0.9530531644493786,80,17676,100,12,262,,,12,59,12,11,コーラルルーメ Lv100 / インプファング Lv100 / グルーモス Lv100
96,collector,収集・配合,760084684,completed,1,,,1000,400,80,578,403,175,8872,392,186,0,0,670,96,1,196,0,46,33,120,25,23,319,320,252,0.7875,0,0,0,3090,185400,578,44,10,246807,64330,4500,103525,315717,304875,0.9656591187677572,80,10842,99,11,213,455,,26,64,26,13,ドゥームゲイザー Lv87 / 雲ぷる Lv94 / ゲイルグリフ Lv99
97,rush,速攻,3500641616,stuck,0,tower,boss_retry_cap,1000,400,80,276,145,131,1063,147,129,0,0,425,0,0,13,0,0,0,2,2,2,0,1,1,1,0,0,0,316,18960,276,23,6,16383,6400,1550,5192,24413,24152,0.9893089747265801,80,261,33,7,,,,3,24,3,4,プフバット Lv32 / リーフリン Lv32 / ぷるミン Lv33
98,balanced,バランス,3637621136,completed,1,,,1000,400,80,556,370,186,9771,371,185,0,0,613,113,1,174,0,50,49,66,13,12,0,1,1,1,0,0,0,3503,210180,556,43,10,246331,63480,4500,80817,314391,290997,0.9255894729810968,80,23394,100,11,187,,,14,63,14,13,コーラルルーメ Lv100 / ヨミオオカミ Lv100 / アイアンマンティス Lv100
99,collector,収集・配合,170828314,completed,1,,,1000,400,80,555,380,175,2711,380,175,0,0,620,116,1,138,0,2,1,143,22,21,305,306,244,0.7973856209150327,1,13,0,2612,156720,555,45,10,214677,64480,4500,101120,283737,273090,0.9624758138698866,80,10647,79,11,516,516,516,22,61,24,13,ストームジン Lv79 / ドゥームゲイザー Lv74 / 雲ぷる Lv77
100,rush,速攻,2741345982,stuck,0,snowfield,boss_retry_cap,1000,400,80,346,183,163,1228,183,163,0,0,472,0,0,10,0,0,0,3,2,2,0,1,1,1,0,0,0,520,31200,346,25,7,27940,9000,2100,7575,39120,38775,0.991180981595092,80,345,41,8,,,,3,30,3,5,ドリモール Lv40 / ぷるミン Lv41 / プフバット Lv41
101,balanced,バランス,641412639,completed,1,,,1000,400,80,761,507,254,8613,508,253,0,0,825,186,1,167,0,50,23,47,14,13,0,1,1,1,0,0,0,3967,238020,761,44,11,359266,64330,5600,161887,429276,399907,0.9315848079091307,80,29369,100,12,195,,,15,63,15,13,雲ぷる Lv94 / アビスフィン Lv100 / クラッグベア Lv100
102,collector,収集・配合,377347288,completed,1,,,1000,400,80,758,535,223,16522,544,214,0,0,774,162,1,234,0,74,62,113,32,28,429,430,374,0.8697674418604651,3,77,0,3610,216600,758,45,12,350969,64480,6850,160294,422379,398344,0.943096129305671,80,24035,100,13,50,437,,30,65,36,13,パールセラフ Lv96 / ストームジン Lv84 / アビスジェリー Lv100
103,rush,速攻,3708142122,stuck,0,prism_sanctuary,boss_retry_cap,1000,400,80,607,320,287,2372,318,289,0,0,908,0,0,10,0,0,0,3,2,2,0,1,1,1,0,0,0,1290,77400,607,28,9,78250,12500,3550,16416,94380,93816,0.9940241576605213,80,564,60,10,,,,3,35,3,7,ペブロン Lv58 / ぷるミン Lv59 / リーフリン Lv60
104,balanced,バランス,645093175,stuck,0,demon_gate,boss_retry_cap,1000,400,80,679,454,225,16522,456,223,0,0,742,163,1,235,0,83,53,41,14,12,0,1,1,1,1,10,0,3716,222960,679,43,11,316630,49780,5600,130915,372090,353875,0.9510467897551668,80,18215,100,12,136,,,14,57,16,11,コーラルルーメ Lv100 / ルミネル Lv100 / シンダーホーン Lv100
105,collector,収集・配合,1525037870,completed,1,,,1000,400,80,636,444,192,10834,442,194,0,0,749,154,1,141,0,79,24,73,25,23,346,347,299,0.861671469740634,1,40,0,3262,195720,636,45,11,283536,64480,5600,120586,353696,333606,0.9431998100063331,80,20090,100,12,77,529,,25,63,27,13,アビスジェリー Lv86 / ドゥームゲイザー Lv72 / クラッグベア Lv100
106,rush,速攻,2702540429,stuck,0,snowfield,boss_retry_cap,1000,400,80,324,171,153,1233,173,151,0,0,465,0,0,11,0,0,0,3,2,2,0,1,1,1,0,0,0,511,30660,324,25,7,27130,9000,2100,7321,38310,37981,0.991412163925868,80,329,40,8,,,,3,29,3,5,ペブロン Lv40 / ぷるミン Lv40 / プフバット Lv40
107,balanced,バランス,2802216727,stuck,0,demon_gate,boss_retry_cap,1000,400,80,717,479,238,28819,481,236,0,0,782,147,1,316,0,115,112,54,14,12,0,1,1,1,0,0,0,3731,223860,717,42,11,337774,49630,5600,150964,393084,374824,0.9535468245972871,80,18260,100,12,471,,,15,56,15,11,ルーメンオウル Lv100 / コーラルルーメ Lv100 / クリスタゴン Lv100
108,collector,収集・配合,547261379,completed,1,,,1000,400,80,727,512,215,17169,499,228,0,0,807,127,1,237,0,102,51,95,24,23,411,412,353,0.8567961165048543,0,0,0,3619,217140,727,44,11,379686,64330,5600,187999,449696,425689,0.9466150466092649,80,24007,100,12,518,518,,25,62,25,13,ドゥームゲイザー Lv100 / アビスジェリー Lv100 / ルーメンオウル Lv100
109,rush,速攻,4065138956,stuck,0,snowfield,boss_retry_cap,1000,400,80,333,174,159,1247,179,154,0,0,474,0,0,10,0,0,0,2,2,2,0,1,1,1,0,0,0,526,31560,333,25,7,28194,9000,2100,7444,39374,39004,0.9906029359475796,80,370,41,8,,,,3,28,3,5,ペブロン Lv40 / ぷるミン Lv41 / プフバット Lv41
110,balanced,バランス,792389158,stuck,0,sky_ruins,boss_retry_cap,1000,400,80,823,552,271,24719,546,277,0,0,914,166,1,217,0,110,109,57,14,13,0,1,1,1,0,0,0,3389,203340,823,43,12,445355,55830,6850,282320,508115,485660,0.9558072483591313,80,22455,100,13,175,,,15,60,15,12,ルーメンオウル Lv100 / ヨミオオカミ Lv100 / スノーフェア Lv100
111,collector,収集・配合,1240333903,completed,1,,,1000,400,80,815,573,242,16243,572,243,0,0,867,169,1,157,0,107,73,102,26,24,464,465,411,0.8838709677419355,1,36,0,3567,214020,815,45,12,406099,64480,6850,215141,477509,452361,0.9473350240519027,80,25148,100,13,190,582,,26,62,28,13,ドゥームゲイザー Lv100 / アビスジェリー Lv100 / ルミネル Lv100
112,rush,速攻,91906996,stuck,0,thunder_ruins,boss_retry_cap,1000,400,80,462,241,221,1735,246,216,0,0,655,0,0,12,0,0,0,3,2,2,0,1,1,1,0,0,0,786,47160,462,26,8,45598,10000,2750,10864,58428,58024,0.9930855069487232,80,404,49,9,,,,3,33,3,6,トゲホッグ Lv48 / ぷるミン Lv49 / リーフリン Lv49
113,balanced,バランス,1043191270,stuck,0,sky_ruins,boss_retry_cap,1000,400,80,822,548,274,3699,556,266,0,0,869,185,1,30,0,0,0,60,14,12,0,1,1,1,1,23,0,3752,225120,822,44,12,455136,55980,6850,271092,518046,496212,0.9578531636186748,80,21834,100,13,321,492,492,14,62,16,12,アビスフィン Lv100 / クラッグベア Lv100 / アイスタートル Lv100
114,collector,収集・配合,1965732563,completed,1,,,1000,400,80,938,686,252,28699,628,310,0,0,1030,168,1,285,0,149,106,150,26,24,561,562,458,0.8149466192170819,2,63,0,3532,211920,938,45,12,480643,64480,6850,286753,552053,526723,0.9541167243000219,80,25330,100,13,180,180,,25,64,29,13,ドゥームゲイザー Lv100 / アビスジェリー Lv100 / ルーメンオウル Lv100
115,rush,速攻,176885668,stuck,0,tower,boss_retry_cap,1000,400,80,302,158,144,1114,160,142,0,0,469,0,0,10,0,0,0,2,2,2,0,1,1,1,0,0,0,333,19980,302,23,6,17933,6400,1550,5726,25963,25706,0.9901012980010014,80,257,34,7,,,,3,24,3,4,プフバット Lv33 / つぼみラビ Lv34 / ぷるミン Lv33
116,balanced,バランス,3225717387,completed,1,,,1000,400,80,622,411,211,7524,421,201,0,0,684,100,1,167,0,32,32,62,13,12,0,1,1,1,0,0,0,3560,213600,622,43,11,341622,63480,5600,167458,410782,381058,0.9276404516264101,80,29724,100,12,115,393,393,14,61,14,13,雲ぷる Lv96 / シンダーホーン Lv100 / ヨミオオカミ Lv100
117,collector,収集・配合,1232790417,stuck,0,sky_ruins,boss_stalled,1000,400,80,704,501,203,32129,484,219,1,1,836,142,1,400,0,177,129,98,25,23,395,396,329,0.8308080808080808,1,40,0,3612,216720,704,44,11,287780,55980,5600,100687,349440,337157,0.9648494734432235,80,12283,100,12,175,,,25,63,27,12,アビスジェリー Lv96 / ルーメンオウル Lv95 / コーラルルーメ Lv100
118,rush,速攻,2693042993,stuck,0,thunder_ruins,boss_retry_cap,1000,400,80,549,285,264,2007,289,260,0,0,769,0,0,9,0,0,0,3,2,2,0,1,1,1,0,0,0,873,52380,549,26,8,52420,10000,2750,12484,65250,64864,0.9940842911877394,80,386,51,9,,,,3,32,3,6,トゲホッグ Lv51 / ぷるミン Lv51 / プフバット Lv51
119,balanced,バランス,2766242222,completed,1,,,1000,400,80,690,459,231,17649,462,228,0,0,731,79,1,274,0,81,63,47,15,14,0,1,1,1,0,0,0,4013,240780,690,44,11,332916,64330,5600,133839,402926,374619,0.9297464050470806,80,28307,100,12,524,524,,16,62,16,13,ドゥームゲイザー Lv96 / アビスジェリー Lv100 / ルーメンオウル Lv100
120,collector,収集・配合,1591024627,stuck,0,demon_gate,boss_training_campaign_cap,1000,400,80,1000,723,277,31246,720,280,0,0,1214,260,1,246,0,209,109,93,26,24,588,589,548,0.9303904923599321,3,97,0,3875,232500,1000,43,13,460134,49780,8250,234204,518244,496104,0.957278810753236,80,22140,100,14,239,,,24,58,26,11,ヘルナイト Lv24 / アビスジェリー Lv100 / ルミネル Lv100
121,rush,速攻,3166111137,stuck,0,thunder_ruins,boss_retry_cap,1000,400,80,529,275,254,1880,279,250,0,0,764,0,0,8,0,0,0,4,2,2,0,1,1,1,0,0,0,853,51180,529,26,8,50727,10000,2750,11969,63557,63149,0.9935805654766587,80,408,50,9,,,,3,34,3,6,リーフリン Lv50 / ぷるミン Lv50 / プフバット Lv50
122,balanced,バランス,2074059783,stuck,0,sky_ruins,boss_retry_cap,1000,400,80,977,650,327,12352,656,321,0,0,1042,306,1,74,0,129,0,49,11,11,0,1,1,1,0,0,0,3698,221880,977,41,12,515234,47980,6850,326917,570144,548797,0.9625585816916428,80,21347,100,13,429,,,12,61,12,12,スチールバグ Lv100 / スノーフェア Lv100 / クリスタゴン Lv100
123,collector,収集・配合,2535837883,completed,1,,,1000,400,80,565,389,176,4432,393,172,0,0,592,92,1,67,0,17,0,100,29,26,305,306,252,0.8235294117647058,1,5,0,2583,154980,565,45,10,208706,64480,4500,96516,277766,266746,0.9603263178358762,80,11020,83,11,135,135,,29,61,30,13,ストームジン Lv75 / ドゥームゲイザー Lv72 / アビスジェリー Lv83
124,rush,速攻,2682444706,stuck,0,tower,boss_retry_cap,1000,400,80,266,139,127,927,143,123,0,0,382,0,0,10,0,0,0,2,2,2,0,1,1,1,0,0,0,311,18660,266,23,6,15916,6400,1550,4974,23946,23634,0.9869706840390879,80,312,32,7,,,,3,25,3,4,プフバット Lv31 / アワマリン Lv31 / ぷるミン Lv32
125,balanced,バランス,1629301799,completed,1,,,1000,400,80,680,458,222,12243,444,236,0,0,785,112,1,356,0,60,23,57,15,14,0,1,1,1,0,0,0,4314,258840,680,44,11,283927,64330,5600,80211,353937,339051,0.9579416675849092,80,14886,97,12,360,,,16,63,16,13,ヘルナイト Lv93 / 雲ぷる Lv93 / コーラルルーメ Lv97
126,collector,収集・配合,3221621465,completed,1,,,1000,400,80,644,445,199,6501,451,193,0,0,642,106,1,144,0,49,1,72,27,26,343,344,303,0.8808139534883721,0,0,0,3185,191100,644,44,11,254257,64330,5600,99501,324267,307751,0.949066664199564,80,16516,92,12,182,612,,28,61,28,13,ストームジン Lv77 / ドゥームゲイザー Lv71 / アビスジェリー Lv92
127,rush,速攻,2585496358,stuck,0,snowfield,boss_retry_cap,1000,400,80,353,186,167,1387,187,166,0,0,532,0,0,11,0,0,0,3,2,2,0,1,1,1,0,0,0,525,31500,353,25,7,28507,9000,2100,7876,39687,39376,0.9921636808022778,80,311,41,8,,,,3,27,3,5,ペブロン Lv40 / ぷるミン Lv41 / プフバット Lv40
128,balanced,バランス,3073237371,stuck,0,demon_gate,boss_retry_cap,1000,400,80,765,540,225,30527,456,309,0,0,975,67,1,379,0,86,83,93,13,11,0,1,1,1,1,3,0,3657,219420,765,43,11,335214,49780,5600,153471,390674,372891,0.9544812298745246,8,17783,100,12,,,,13,55,15,11,ルーメンオウル Lv100 / コーラルルーメ Lv100 / スノーフェア Lv100
129,collector,収集・配合,1938556217,stuck,0,demon_gate,boss_retry_cap,1000,400,80,893,644,249,40314,640,253,0,0,984,242,1,310,0,183,155,61,24,21,539,540,497,0.9203703703703704,2,79,0,3374,202440,893,43,12,439511,49780,6850,241287,496221,470677,0.9485229363529556,80,25544,100,13,62,,,23,58,26,11,コーラルルーメ Lv100 / アビスジェリー Lv100 / ルミネル Lv100
130,rush,速攻,2189854900,stuck,0,thunder_ruins,boss_retry_cap,1000,400,80,476,248,228,1664,253,223,0,0,681,0,0,11,0,0,0,2,2,2,0,1,1,1,0,0,0,823,49380,476,26,8,48115,10000,2750,11180,60945,60560,0.9936828287800475,80,385,50,9,,,,3,33,3,6,トゲホッグ Lv50 / ぷるミン Lv50 / プフバット Lv50
131,balanced,バランス,924086373,stuck,0,sky_ruins,boss_retry_cap,1000,400,80,821,551,270,19491,551,270,0,0,929,195,1,153,0,122,112,38,15,12,0,1,1,1,1,39,0,3899,233940,821,44,12,440705,55980,6850,246769,503615,480709,0.9545168432234942,80,22906,100,13,43,,,15,61,17,12,アビスジェリー Lv100 / ゲイルグリフ Lv100 / ルミネル Lv100
132,collector,収集・配合,1978101087,stuck,0,prism_sanctuary,boss_retry_cap,1000,400,80,873,704,169,9577,403,470,0,0,1162,180,1,58,0,3,0,32,13,12,303,304,283,0.930921052631579,1,34,0,1338,80280,873,34,10,118419,14780,4500,40588,137779,136018,0.9872186617699359,8,1761,66,11,268,273,,13,34,15,7,グルーモス Lv66 / クリスタゴン Lv58 / リーファウル Lv58
133,rush,速攻,495512922,stuck,0,thunder_ruins,boss_retry_cap,1000,400,80,479,249,230,1657,255,224,0,0,679,0,0,9,0,0,0,2,2,2,0,1,1,1,0,0,0,841,50460,479,26,8,49483,10000,2750,11429,62313,61889,0.993195641358946,80,424,50,9,,,,3,31,3,6,トゲホッグ Lv50 / ぷるミン Lv50 / プフバット Lv50
134,balanced,バランス,334120896,completed,1,,,1000,400,80,910,606,304,22672,608,302,0,0,991,175,1,274,0,122,58,60,14,13,0,1,1,1,0,0,0,3934,236040,910,44,12,464998,64330,6850,270729,536258,506769,0.9450096781772953,80,29489,100,13,363,,,15,61,15,13,雲ぷる Lv100 / アビスフィン Lv100 / ルミネル Lv100
135,collector,収集・配合,1794806981,stuck,0,sky_ruins,campaign_battle_cap_at_boss,1000,400,80,1000,722,278,44563,711,289,0,0,1065,175,1,335,0,168,128,88,27,25,601,602,542,0.9003322259136213,2,52,0,3508,210480,1000,44,13,552270,55980,8250,343949,616580,584479,0.947937007363197,80,32101,100,14,185,,,26,63,29,12,アビスジェリー Lv100 / コーラルルーメ Lv100 / ルミネル Lv100
136,rush,速攻,789978726,stuck,0,thunder_ruins,boss_retry_cap,1000,400,80,428,225,203,1519,228,200,0,0,603,0,0,9,0,0,0,3,2,2,0,1,1,1,0,0,0,752,45120,428,26,8,42697,10000,2750,9938,55527,55058,0.9915536585805104,80,469,48,9,,,,3,32,3,6,トゲホッグ Lv47 / ぷるミン Lv48 / プフバット Lv48
137,balanced,バランス,1369426216,stuck,0,sky_ruins,boss_retry_cap,1000,400,80,733,487,246,19428,497,236,0,0,776,140,1,156,0,130,112,47,15,14,0,1,1,1,0,0,0,3820,229200,733,43,11,408808,55830,5600,219016,470318,448216,0.9530062638470141,80,22102,100,12,,,,16,63,16,12,アビスジェリー Lv100 / クラッグベア Lv100 / ルミネル Lv100
138,collector,収集・配合,1238572424,completed,1,,,1000,400,80,668,469,199,12278,464,204,0,0,635,134,1,195,0,67,56,123,26,24,367,368,299,0.8125,2,54,0,3554,213240,668,45,11,325782,64480,5600,142234,395942,373824,0.9441382828798157,80,22118,100,12,49,389,,25,63,29,13,パールセラフ Lv100 / ドゥームゲイザー Lv98 / アビスジェリー Lv100
139,rush,速攻,1254203092,stuck,0,prism_sanctuary,boss_retry_cap,1000,400,80,418,223,195,1415,226,192,0,0,555,0,0,8,0,0,0,6,2,2,0,1,1,1,0,0,0,995,59700,418,28,8,56853,12500,2750,11875,72183,71575,0.9915769641051217,80,608,54,9,,,,3,34,3,7,シンドレイク Lv51 / ペブロン Lv53 / ぷるミン Lv54
140,balanced,バランス,21197780,stuck,0,sky_ruins,campaign_battle_cap_at_boss,1000,400,80,1000,673,327,24176,659,341,0,0,1104,173,1,243,0,90,83,43,13,12,0,1,1,1,1,19,0,3787,227220,1000,44,12,466027,55980,6850,280058,528937,507278,0.9590518341503809,80,21659,100,13,687,,,13,61,15,12,コーラルルーメ Lv100 / スノーフェア Lv100 / クリスタゴン Lv100
141,collector,収集・配合,3820778426,stuck,0,demon_gate,boss_training_campaign_cap,1000,400,80,1000,725,275,49859,700,300,0,0,1036,146,1,360,0,235,178,95,25,23,592,593,530,0.893760539629005,1,48,0,3740,224400,1000,43,13,448202,49780,8250,227572,506312,481572,0.9511368484254767,80,24740,100,14,436,774,,25,60,27,11,ルーメンオウル Lv100 / コーラルルーメ Lv100 / ルミネル Lv100
142,rush,速攻,4045756371,stuck,0,snowfield,boss_retry_cap,1000,400,80,363,190,173,1366,193,170,0,0,529,0,0,10,0,0,0,2,2,2,0,1,1,1,0,0,0,551,33060,363,25,7,30262,9000,2100,7976,41442,41036,0.9902031755224169,80,406,42,8,,,,3,27,3,5,ペブロン Lv41 / ぷるミン Lv42 / プフバット Lv41
143,balanced,バランス,3750050319,stuck,0,sky_ruins,boss_retry_cap,1000,400,80,957,638,319,19229,640,317,0,0,1031,254,1,144,0,134,99,54,12,12,0,1,1,1,0,0,0,3777,226620,957,41,12,491592,47980,6850,298416,546502,525036,0.960721095256742,80,21466,100,13,713,,,13,59,13,12,アビスジェリー Lv100 / シンダーホーン Lv100 / グルーモス Lv100
144,collector,収集・配合,4290908209,completed,1,,,1000,400,80,717,505,212,17630,504,213,0,0,779,135,1,244,0,84,65,83,26,23,420,421,370,0.8788598574821853,2,78,0,3765,225900,717,45,11,374745,64480,5600,173561,444905,420461,0.9450579337161866,80,24444,100,12,50,512,,25,61,29,13,ドゥームゲイザー Lv100 / アビスジェリー Lv100 / コーラルルーメ Lv100
145,rush,速攻,1784763940,stuck,0,tower,boss_retry_cap,1000,400,80,284,149,135,1074,151,133,0,0,436,0,0,13,0,0,0,2,2,2,0,1,1,1,0,0,0,320,19200,284,23,6,16772,6400,1550,5298,24802,24498,0.9877429239577453,80,304,33,7,,,,3,23,3,4,プフバット Lv32 / リーフリン Lv33 / ぷるミン Lv33
146,balanced,バランス,4217233874,stuck,0,sky_ruins,boss_retry_cap,1000,400,80,995,664,331,30672,664,331,0,0,1061,167,1,197,0,174,139,43,12,12,0,1,1,1,0,0,0,3825,229500,995,41,13,538170,47980,8250,342004,594480,571504,0.9613510967568295,80,22976,100,14,327,,,13,64,13,12,アビスジェリー Lv100 / ルミネル Lv100 / グルーモス Lv100
147,collector,収集・配合,3339853909,completed,1,,,1000,400,80,607,425,182,5338,410,197,0,0,758,144,1,68,0,34,0,114,25,23,333,334,268,0.8023952095808383,1,38,0,2828,169680,607,45,11,228610,64480,5600,100837,298770,287167,0.9611641061686247,80,11603,86,12,556,563,,25,60,27,13,ドゥームゲイザー Lv78 / ストームジン Lv73 / アビスジェリー Lv86
148,rush,速攻,3969683991,stuck,0,prism_sanctuary,boss_retry_cap,1000,400,80,528,280,248,1972,279,249,0,0,785,0,0,11,0,0,0,3,2,2,0,1,1,1,0,0,0,1172,70320,528,28,9,69712,12500,3550,14959,85842,85279,0.9934414389226719,80,563,58,10,,,,3,36,3,7,トゲホッグ Lv54 / ペブロン Lv57 / ぷるミン Lv58
149,balanced,バランス,163386572,completed,1,,,1000,400,80,592,394,198,8747,399,193,0,0,620,188,1,196,0,38,38,42,12,10,0,1,1,1,0,0,0,4041,242460,592,43,11,285321,63480,5600,85866,354481,328326,0.9262160736400541,80,26155,100,12,454,,,13,62,13,13,雲ぷる Lv94 / ヘルナイト Lv93 / クラッグベア Lv100
150,collector,収集・配合,4124342586,completed,1,,,1000,400,80,672,481,191,11241,440,232,0,0,911,134,1,206,0,57,31,106,22,20,385,386,298,0.772020725388601,2,66,0,3206,192360,672,45,11,264477,64480,5600,112180,334637,323790,0.96758577204553,80,10847,89,12,162,552,,21,64,24,13,ドゥームゲイザー Lv84 / アビスジェリー Lv88 / ルーメンオウル Lv89
151,rush,速攻,3650620802,stuck,0,tower,boss_retry_cap,1000,400,80,297,155,142,1091,158,139,0,0,446,0,0,11,0,0,0,3,2,2,0,1,1,1,0,0,0,321,19260,297,23,6,17102,6400,1550,5588,25132,24848,0.9886996657647621,80,284,33,7,,,,3,24,3,4,プフバット Lv32 / リーフリン Lv33 / ぷるミン Lv33
152,balanced,バランス,3167979517,stuck,0,sky_ruins,boss_retry_cap,1000,400,80,860,573,287,9160,583,277,0,0,947,259,1,76,0,84,0,53,13,12,0,1,1,1,1,33,0,3824,229440,860,44,12,449505,55980,6850,261305,512415,490745,0.9577100592293356,80,21670,100,13,182,,,13,63,15,12,アビスフィン Lv100 / ヨミオオカミ Lv100 / スノーフェア Lv100
153,collector,収集・配合,3193438089,stuck,0,demon_gate,boss_retry_cap,1000,400,80,918,666,252,55630,645,273,0,0,1022,195,1,281,0,322,279,106,27,25,565,566,499,0.8816254416961131,1,10,0,3394,203640,918,43,12,453990,49780,6850,253338,510700,485228,0.9501233600939887,80,25472,100,13,453,,,27,59,29,11,ルーメンオウル Lv100 / アビスジェリー Lv100 / ルミネル Lv100
154,rush,速攻,1626348350,stuck,0,thunder_ruins,boss_retry_cap,1000,400,80,446,235,211,1468,236,210,0,0,606,0,0,9,0,0,0,3,2,2,0,1,1,1,0,0,0,729,43740,446,26,8,41998,10000,2750,10668,54828,54408,0.9923396804552419,80,420,47,9,,,,3,32,3,6,リーファウル Lv45 / ぷるミン Lv47 / プフバット Lv47
155,balanced,バランス,4278121782,completed,1,,,1000,400,80,802,532,270,20982,544,258,0,0,820,87,1,336,0,70,69,48,15,13,0,1,1,1,1,5,0,3795,227700,802,45,12,416573,64480,6850,231095,487983,458795,0.9401864409210977,80,29188,100,13,164,,,15,62,17,13,雲ぷる Lv100 / コーラルルーメ Lv100 / サンダードローン Lv100
156,collector,収集・配合,1317433541,completed,1,,,1000,400,80,847,601,246,41531,588,259,0,0,910,176,1,389,0,218,164,105,29,28,481,482,421,0.8734439834024896,0,0,0,3339,200340,847,44,12,384412,64330,6850,206725,455672,431115,0.9461081655225688,80,24557,100,13,210,770,,30,64,30,13,ストームジン Lv84 / ルーメンオウル Lv100 / コーラルルーメ Lv100
157,rush,速攻,263079539,stuck,0,thunder_ruins,boss_retry_cap,1000,400,80,499,260,239,1834,264,235,0,0,718,0,0,9,0,0,0,3,2,2,0,1,1,1,0,0,0,830,49800,499,26,8,49039,10000,2750,11710,61869,61510,0.9941974171232766,80,359,50,9,,,,3,33,3,6,トゲホッグ Lv49 / ぷるミン Lv50 / プフバット Lv50
158,balanced,バランス,1533948371,completed,1,,,1000,400,80,628,416,212,6020,426,202,0,0,659,132,1,177,0,23,22,62,14,13,0,1,1,1,0,0,0,4301,258060,628,44,11,273235,64330,5600,70355,343245,328415,0.9567947093184169,80,14830,98,12,508,,,15,62,15,13,ヘルナイト Lv90 / コーラルルーメ Lv98 / サンラビ Lv96
159,collector,収集・配合,3766463583,completed,1,,,1000,400,80,763,534,229,14593,538,225,0,0,811,204,1,189,0,78,61,68,27,26,430,431,382,0.8863109048723898,2,43,0,3497,209820,763,45,12,391322,64480,6850,205688,462732,437008,0.9444084264758003,80,25724,100,13,212,452,,26,64,29,13,パールセラフ Lv100 / ドゥームゲイザー Lv100 / ルミネル Lv100
160,rush,速攻,2203075872,stuck,0,snowfield,boss_retry_cap,1000,400,80,364,193,171,1316,191,173,0,0,516,0,0,11,0,0,0,2,2,2,0,1,1,1,0,0,0,538,32280,364,25,7,29225,9000,2100,7785,40405,40065,0.9915851998515035,80,340,41,8,,,,3,29,3,5,ペブロン Lv41 / ぷるミン Lv41 / プフバット Lv41
161,balanced,バランス,3388007541,completed,1,,,1000,400,80,802,530,272,6966,543,259,0,0,854,161,1,120,0,54,9,40,14,13,0,1,1,1,0,0,0,4217,253020,802,44,12,310442,64330,6850,100296,381702,353316,0.9256330854960152,80,28386,100,13,702,,,15,61,15,13,アビスジェリー Lv97 / ヘルナイト Lv88 / クリスタゴン Lv100
162,collector,収集・配合,1553704445,completed,1,,,1000,400,80,764,537,227,14217,530,234,0,0,872,161,1,197,0,65,47,119,26,25,423,424,365,0.8608490566037735,2,80,0,3502,210120,764,45,12,306070,64480,6850,126242,377480,357512,0.9471018332097064,80,19968,100,13,245,500,,25,64,29,13,パールセラフ Lv88 / アビスジェリー Lv100 / ヘルナイト Lv95
163,rush,速攻,2303760379,stuck,0,prism_sanctuary,boss_retry_cap,1000,400,80,528,277,251,1911,282,246,0,0,767,0,0,9,0,0,0,3,2,2,0,1,1,1,0,0,0,1238,74280,528,28,9,73636,12500,3550,14893,89766,89173,0.9933939353430029,80,593,59,10,,,,3,35,3,7,ドリモール Lv57 / リーフリン Lv59 / ぷるミン Lv59
164,balanced,バランス,2716344760,stuck,0,demon_gate,boss_retry_cap,1000,400,80,724,482,242,17697,486,238,0,0,762,106,1,239,0,73,73,38,12,12,0,1,1,1,0,0,0,3641,218460,724,41,11,327514,48780,5600,146064,381974,364524,0.9543162623634069,80,17450,100,12,,,,13,57,13,11,コーラルルーメ Lv100 / クリスタゴン Lv100 / グルーモス Lv100
165,collector,収集・配合,2430725551,completed,1,,,1000,400,80,688,485,203,15777,470,218,0,0,773,111,1,269,0,97,47,96,25,23,383,384,319,0.8307291666666666,2,52,0,3774,226440,688,45,11,322731,64480,5600,129165,392891,374755,0.9538396145495824,80,18136,100,12,171,517,,24,64,28,13,ドゥームゲイザー Lv100 / アビスジェリー Lv100 / 雲ぷる Lv100
166,rush,速攻,358371242,stuck,0,prism_sanctuary,boss_retry_cap,1000,400,80,637,335,302,2517,333,304,0,0,942,0,0,11,0,0,0,4,2,2,0,1,1,1,0,0,0,1347,80820,637,28,9,82219,12500,3550,16995,98349,97815,0.9945703565872556,80,534,61,10,,,,3,35,3,7,ペブロン Lv59 / ぷるミン Lv61 / つぼみラビ Lv61
167,balanced,バランス,3874037879,completed,1,,,1000,400,80,694,461,233,6639,468,226,0,0,612,103,1,151,0,33,25,57,11,10,0,1,1,1,1,23,0,3427,205620,694,44,11,224422,63630,5600,73196,293732,278816,0.9492190159737448,80,14916,95,12,94,381,,11,64,13,13,アストラルワーム Lv90 / アビスジェリー Lv95
168,collector,収集・配合,1096659414,completed,1,,,1000,400,80,985,705,280,30726,694,291,0,0,1068,161,1,351,0,143,90,118,28,27,547,548,488,0.8905109489051095,3,110,0,3683,220980,985,45,13,411462,64480,8250,211624,484272,459954,0.9497844186738031,80,24318,100,14,307,650,,26,62,31,13,パールセラフ Lv95 / ストームジン Lv83 / ルーメンオウル Lv100
169,rush,速攻,1537282418,stuck,0,tower,boss_retry_cap,1000,400,80,252,133,119,980,135,117,0,0,372,0,0,9,0,0,0,3,2,2,0,1,1,1,0,0,0,307,18420,252,23,6,15546,6400,1550,4873,23576,23293,0.9879962673905667,80,283,32,7,,,,3,24,3,4,トゲホッグ Lv31 / プフバット Lv32 / ぷるミン Lv32
170,balanced,バランス,3102380067,completed,1,,,1000,400,80,635,421,214,11383,425,210,0,0,674,118,1,303,0,50,48,40,12,12,0,1,1,1,0,0,0,4001,240060,635,43,11,298826,63480,5600,95710,367986,335770,0.9124531911540112,80,32216,100,12,137,504,,13,64,13,13,ドゥームゲイザー Lv96 / ルーメンオウル Lv100 / コーラルルーメ Lv99
171,collector,収集・配合,216242551,completed,1,,,1000,400,80,653,461,192,14438,431,222,0,0,718,98,1,243,0,115,68,105,25,23,354,355,280,0.7887323943661971,1,36,0,2624,157440,653,45,11,225209,64480,5600,107109,295369,282249,0.9555809851406207,80,13120,85,12,233,236,,25,62,27,13,ストームジン Lv75 / ドゥームゲイザー Lv76 / ルーメンオウル Lv85
172,rush,速攻,2349675421,stuck,0,tower,boss_retry_cap,1000,400,80,240,126,114,823,130,110,0,0,363,0,0,9,0,0,0,2,2,2,0,1,1,1,0,0,0,300,18000,240,23,6,14923,6400,1550,4693,22953,22693,0.9886725046834837,80,260,32,7,,,,3,24,3,4,プフバット Lv31 / つぼみラビ Lv32 / ぷるミン Lv32
173,balanced,バランス,961952749,stuck,0,sky_ruins,boss_retry_cap,1000,400,80,829,554,275,14107,557,272,0,0,897,213,1,155,0,72,72,53,14,13,0,1,1,1,0,0,0,3893,233580,829,43,12,448845,55830,6850,256056,511605,489636,0.9570586683085583,80,21969,100,13,64,,,15,62,15,12,ゲイルグリフ Lv100 / コーラルルーメ Lv100 / クラッグベア Lv100
174,collector,収集・配合,1345916275,stuck,0,sky_ruins,boss_training_campaign_cap,1000,400,80,1000,720,280,45916,696,304,0,0,1065,155,1,393,0,182,140,95,30,29,593,594,527,0.8872053872053872,1,36,0,3435,206100,1000,44,13,524290,55980,8250,324964,588600,560714,0.9526231736323479,80,27886,100,14,189,,,30,62,31,12,雲ぷる Lv100 / アビスジェリー Lv100 / ルーメンオウル Lv100
175,rush,速攻,3957016457,stuck,0,tower,boss_retry_cap,1000,400,80,280,147,133,1098,149,131,0,0,419,0,0,12,0,0,0,2,2,2,0,1,1,1,0,0,0,322,19320,280,23,6,17100,6400,1550,5556,25130,24876,0.9898925586947871,80,254,33,7,,,,3,24,3,4,リーフリン Lv32 / つぼみラビ Lv33 / ぷるミン Lv33
176,balanced,バランス,1452595032,stuck,0,sky_ruins,boss_training_campaign_cap,1000,400,80,1000,665,335,15852,675,325,0,0,1034,258,1,139,0,93,90,35,14,12,0,1,1,1,1,10,0,4036,242160,1000,44,13,490875,55980,8250,292099,555185,534259,0.9623080594756702,80,20926,100,14,501,,,14,62,16,12,アビスフィン Lv100 / スノーニャ Lv100 / クリスタゴン Lv100
177,collector,収集・配合,3438315175,completed,1,,,1000,400,80,547,376,171,11727,381,166,0,0,571,97,1,231,0,71,51,115,31,28,304,305,251,0.8229508196721311,1,27,0,3014,180840,547,45,10,228012,64480,4500,89985,297072,286025,0.9628137286583723,80,11047,92,11,75,215,,31,65,33,13,パールセラフ Lv91 / ドゥームゲイザー Lv86 / グレイシャーファング Lv92
178,rush,速攻,4160092094,stuck,0,tower,boss_retry_cap,1000,400,80,300,157,143,1062,159,141,0,0,407,0,0,9,0,0,0,3,2,2,0,1,1,1,0,0,0,313,18780,300,23,6,16617,6400,1550,5605,24647,24385,0.9893699030307949,80,262,33,7,,,,3,23,3,4,アクアン Lv31 / プフバット Lv33 / ぷるミン Lv33
179,balanced,バランス,2805028106,completed,1,,,1000,400,80,693,465,228,18781,456,237,0,0,769,119,1,320,0,83,82,32,15,14,0,1,1,1,0,0,0,3821,229260,693,44,11,324748,64330,5600,136296,394758,365556,0.9260255650297144,80,29202,100,12,612,612,,16,60,16,13,ストームジン Lv89 / ルーメンオウル Lv100 / コーラルルーメ Lv100
180,collector,収集・配合,840128020,completed,1,,,1000,400,80,665,465,200,13562,457,208,0,0,755,133,1,225,0,97,40,146,27,26,378,379,307,0.8100263852242744,1,44,0,3611,216660,665,45,11,314069,64480,5600,128434,384229,363994,0.9473360938398715,80,20235,100,12,184,527,,27,65,29,13,ドゥームゲイザー Lv95 / アビスジェリー Lv100 / ルーメンオウル Lv100
181,rush,速攻,2432605545,stuck,0,thunder_ruins,boss_retry_cap,1000,400,80,441,231,210,1661,235,206,0,0,630,0,0,11,0,0,0,2,2,2,0,1,1,1,0,0,0,780,46800,441,26,8,44570,10000,2750,10223,57400,57023,0.993432055749129,80,377,49,9,,,,3,31,3,6,トゲホッグ Lv48 / ぷるミン Lv49 / つぼみラビ Lv48
182,balanced,バランス,1484240311,stuck,0,demon_gate,boss_retry_cap,1000,400,80,836,556,280,10583,560,276,0,0,926,182,1,71,0,114,0,48,11,11,0,1,1,1,0,0,0,3771,226260,836,39,12,365709,36980,6850,165516,409619,391776,0.9564400088863065,80,17843,100,13,,,,12,56,12,11,ルミネル Lv100 / アイアンマンティス Lv100 / クリスタゴン Lv100
183,collector,収集・配合,2211143991,stuck,0,sky_ruins,boss_stalled,1000,400,80,664,482,182,26238,455,208,1,1,755,151,1,400,0,143,98,109,23,20,386,387,305,0.7881136950904393,3,77,0,3522,211320,664,44,11,281310,55980,5600,108015,342970,338635,0.9873604105315333,80,4335,97,12,57,150,,21,62,27,12,アビスジェリー Lv93 / 雲ぷる Lv87 / ルーメンオウル Lv97
184,rush,速攻,1063148744,stuck,0,thunder_ruins,boss_retry_cap,1000,400,80,550,286,264,2043,289,261,0,0,828,0,0,10,0,0,0,2,2,2,0,1,1,1,0,0,0,843,50580,550,26,8,50585,10000,2750,12361,63415,62941,0.9925254277379169,80,474,50,9,,,,3,31,3,6,リーフリン Lv50 / ぷるミン Lv49 / プフバット Lv50
185,balanced,バランス,1302463026,stuck,0,sky_ruins,boss_retry_cap,1000,400,80,759,512,247,35819,502,257,0,0,822,90,1,303,0,131,122,63,14,12,0,1,1,1,0,0,0,3543,212580,759,43,11,438120,55830,5600,265458,499630,478038,0.9567840201749295,80,21592,100,12,,,,15,62,15,12,アビスジェリー Lv100 / ルーメンオウル Lv100 / ルミネル Lv100
186,collector,収集・配合,3351551954,stuck,0,sky_ruins,campaign_battle_cap_at_boss,1000,400,80,1000,719,281,19369,724,276,0,0,1012,168,1,185,0,81,81,129,22,20,605,606,553,0.9125412541254125,2,83,0,3369,202140,1000,44,13,594712,55980,8250,395159,659022,627549,0.9522428689785774,80,31473,100,14,327,,,21,65,25,12,雲ぷる Lv100 / アイスタートル Lv100 / シンダーホーン Lv100
187,rush,速攻,1152060572,stuck,0,tower,boss_retry_cap,1000,400,80,287,150,137,1049,153,134,0,0,427,0,0,9,0,0,0,3,2,2,0,1,1,1,0,0,0,321,19260,287,23,6,16857,6400,1550,5346,24887,24606,0.9887089645196288,80,281,33,7,,,,3,23,3,4,リーフリン Lv33 / プフバット Lv32 / ぷるミン Lv33
188,balanced,バランス,971219059,completed,1,,,1000,400,80,636,422,214,5115,428,208,0,0,750,193,1,71,0,38,0,55,12,11,0,1,1,1,1,36,0,3628,217680,636,44,11,307628,63630,5600,129250,376938,346930,0.9203900906780426,80,30008,100,12,148,567,,12,59,14,13,ストームジン Lv85 / ヨミオオカミ Lv100 / クラッグベア Lv100
189,collector,収集・配合,1277728932,completed,1,,,1000,400,80,693,486,207,11538,482,211,0,0,781,142,1,205,0,73,38,133,25,23,383,384,323,0.8411458333333334,1,38,0,3716,222960,693,45,11,292990,64480,5600,110310,363150,352420,0.9704529808619028,80,10730,95,12,425,655,,25,65,27,13,ストームジン Lv82 / アビスジェリー Lv90 / コーラルルーメ Lv95
190,rush,速攻,907438028,stuck,0,tower,boss_retry_cap,1000,400,80,246,131,115,942,131,115,0,0,359,0,0,9,0,0,0,2,2,2,0,1,1,1,0,0,0,296,17760,246,23,6,15089,6400,1550,5083,23119,22843,0.9880617673774817,80,276,32,7,,,,3,23,3,4,トゲホッグ Lv31 / プフバット Lv32 / ぷるミン Lv32
191,balanced,バランス,4265239602,completed,1,,,1000,400,80,626,417,209,14975,417,209,0,0,698,125,1,223,0,85,56,59,14,13,0,1,1,1,0,0,0,4023,241380,626,44,11,316306,64330,5600,116230,386316,357610,0.9256929560256371,80,28706,100,12,133,,,15,63,15,13,アビスジェリー Lv100 / ルーメンオウル Lv100 / ゲイルグリフ Lv100
192,collector,収集・配合,1631109521,stuck,0,demon_gate,boss_training_campaign_cap,1000,400,80,1000,740,260,39101,666,334,0,0,1069,164,1,294,0,195,158,101,30,28,539,540,480,0.8888888888888888,3,71,0,3726,223560,1000,43,12,400677,49780,6850,182769,457387,433279,0.947291899419966,25,24108,100,13,89,204,,28,57,32,11,ルーメンオウル Lv100 / アビスジェリー Lv100 / ルミネル Lv100
193,rush,速攻,2524658847,stuck,0,tower,boss_retry_cap,1000,400,80,291,152,139,1050,155,136,0,0,442,0,0,12,0,0,0,2,2,2,0,1,1,1,0,0,0,324,19440,291,23,6,17083,6400,1550,5431,25113,24871,0.9903635567236093,80,242,33,7,,,,3,25,3,4,プフバット Lv32 / つぼみラビ Lv33 / ぷるミン Lv33
194,balanced,バランス,1341014348,stuck,0,sky_ruins,boss_retry_cap,1000,400,80,929,620,309,19663,621,308,0,0,1026,152,1,151,0,108,108,59,13,13,0,1,1,1,0,0,0,3662,219720,929,42,12,482187,54980,6850,303024,544097,522744,0.9607551594660511,80,21353,100,13,218,,,14,60,14,12,ゲイルグリフ Lv100 / ルーメンオウル Lv100 / ヨミオオカミ Lv100
195,collector,収集・配合,325680689,completed,1,,,1000,400,80,584,407,177,10936,395,189,0,0,682,104,1,272,0,88,16,109,22,20,316,317,258,0.8138801261829653,1,14,0,2950,177000,584,45,10,228508,64480,4500,93913,297568,286713,0.9635209431121626,80,10855,93,11,198,406,,22,64,24,13,パールセラフ Lv89 / 雲ぷる Lv90 / ヘルナイト Lv93
196,rush,速攻,19401379,stuck,0,tower,boss_retry_cap,1000,400,80,325,170,155,1250,171,154,0,0,496,0,0,10,0,0,0,2,2,2,0,1,1,1,0,0,0,340,20400,325,23,6,18696,6400,1550,6043,26726,26443,0.9894110603906309,80,283,34,7,,,,3,24,3,4,プフバット Lv34 / リーフリン Lv33 / ぷるミン Lv34
197,balanced,バランス,2403128079,completed,1,,,1000,400,80,715,476,239,11523,479,236,0,0,792,132,1,191,0,47,47,74,13,11,0,1,1,1,0,0,0,3552,213120,715,43,11,398483,63480,5600,225200,467643,438320,0.9372961853379608,80,29323,100,12,,,,14,61,14,13,雲ぷる Lv100 / アイスタートル Lv100 / シンダーホーン Lv100
198,collector,収集・配合,3016420359,stuck,0,sky_ruins,boss_stalled,1000,400,80,698,502,196,16809,469,228,1,1,886,146,1,400,0,106,43,84,29,27,399,400,327,0.8175,3,82,0,3039,182340,698,44,11,248240,55980,5600,102771,309900,305061,0.9843852855759923,80,4839,94,12,270,474,,27,64,32,12,パールセラフ Lv75 / 雲ぷる Lv91 / ルーメンオウル Lv94
199,rush,速攻,3603368117,stuck,0,tower,boss_retry_cap,1000,400,80,314,164,150,1188,166,148,0,0,483,0,0,13,0,0,0,2,2,2,0,1,1,1,0,0,0,327,19620,314,23,6,17594,6400,1550,5742,25624,25362,0.9897752107399314,80,262,34,7,,,,3,22,3,4,プフバット Lv33 / つぼみラビ Lv33 / ぷるミン Lv34
200,balanced,バランス,26541256,stuck,0,demon_gate,boss_retry_cap,1000,400,80,882,587,295,12935,592,290,0,0,933,129,1,287,0,57,56,31,13,12,0,1,1,1,0,0,0,3911,234660,882,41,12,377109,48780,6850,180245,432819,414905,0.958610874291563,80,17914,100,13,636,636,636,14,56,14,11,コーラルルーメ Lv100 / クリスタゴン Lv100 / スノーニャ Lv100
201,collector,収集・配合,229410251,completed,1,,,1000,400,80,639,446,193,13861,456,183,0,0,734,130,1,204,0,100,35,89,32,29,362,363,318,0.8760330578512396,0,0,0,3503,210180,639,44,11,328485,64330,5600,147002,398495,375282,0.9417483280844177,80,23213,100,12,50,,,33,63,33,13,雲ぷる Lv97 / ゲイルグリフ Lv100 / アビスフィン Lv100
202,rush,速攻,2045714354,stuck,0,prism_sanctuary,boss_retry_cap,1000,400,80,546,291,255,1981,286,260,0,0,814,0,0,9,0,0,0,3,2,2,0,1,1,1,0,0,0,1206,72360,546,28,9,71988,12500,3550,15256,88118,87616,0.9943030935790644,80,502,58,10,,,,3,32,3,7,ドリモール Lv55 / ぷるミン Lv58 / リーフリン Lv58
203,balanced,バランス,3001443026,stuck,0,sky_ruins,boss_retry_cap,1000,400,80,784,527,257,18490,521,263,0,0,874,172,1,143,0,136,104,46,14,12,0,1,1,1,0,0,0,3673,220380,784,43,12,432554,55830,6850,252843,495314,473223,0.9554000088832538,80,22091,100,13,39,,,15,63,15,12,アビスジェリー Lv100 / ルミネル Lv100 / シンダーホーン Lv100
204,collector,収集・配合,974966347,stuck,0,sky_ruins,boss_training_campaign_cap,1000,400,80,1000,723,277,30132,710,290,0,0,1095,214,1,272,0,136,108,80,27,25,588,589,529,0.8981324278438031,2,46,0,3963,237780,1000,44,13,472737,55980,8250,243581,537047,510761,0.9510545631946552,80,26286,100,14,203,719,,26,62,30,12,アビスジェリー Lv100 / ドゥームゲイザー Lv79 / コーラルルーメ Lv100
205,rush,速攻,3478231608,stuck,0,tower,boss_retry_cap,1000,400,80,211,113,98,815,114,97,0,0,304,0,0,10,0,0,0,3,2,2,0,1,1,1,0,0,0,281,16860,211,23,5,13854,6400,1100,4280,21434,21140,0.9862834748530372,80,294,31,6,,,,3,23,3,4,トゲホッグ Lv30 / リーフリン Lv31 / ぷるミン Lv31
206,balanced,バランス,2834517487,stuck,0,sky_ruins,boss_retry_cap,1000,400,80,993,662,331,20321,668,325,0,0,1021,126,1,145,0,133,113,38,13,12,0,1,1,1,0,0,0,4052,243120,993,42,13,476427,54980,8250,273210,539737,516330,0.9566325821650175,80,23407,100,14,223,,,14,64,14,12,アビスジェリー Lv100 / ルミネル Lv100 / サンダードローン Lv100
207,collector,収集・配合,2305899074,completed,1,,,1000,400,80,800,563,237,13852,560,240,0,0,803,143,1,229,0,54,45,106,29,28,442,443,389,0.8781038374717833,2,60,0,3747,224820,800,45,12,296248,64480,6850,109705,367658,356625,0.9699911330638801,80,11033,93,13,266,267,,28,65,32,13,パールセラフ Lv93 / アビスジェリー Lv93 / ドゥームゲイザー Lv67
208,rush,速攻,2896204015,stuck,0,tower,boss_retry_cap,1000,400,80,248,132,116,967,132,116,0,0,331,0,0,9,0,0,0,4,2,2,0,1,1,1,0,0,0,289,17340,248,23,6,14633,6400,1550,5009,22663,22349,0.9861448175440145,80,314,31,7,,,,3,23,3,4,ペブロン Lv31 / アワマリン Lv30 / ぷるミン Lv31
209,balanced,バランス,2398644065,stuck,0,sky_ruins,boss_retry_cap,1000,400,80,836,556,280,26428,562,274,0,0,911,158,1,284,0,134,69,62,11,11,0,1,1,1,0,0,0,3609,216540,836,41,12,455652,47980,6850,272318,510562,488858,0.9574899816280883,80,21704,100,13,163,,,12,59,12,12,雲ぷる Lv100 / ルミネル Lv100 / ヨミオオカミ Lv100
210,collector,収集・配合,838403714,completed,1,,,1000,400,80,750,527,223,14464,530,220,0,0,819,138,1,233,0,80,41,114,31,29,400,401,348,0.8678304239401496,2,68,0,3973,238380,750,45,12,304512,64480,6850,106748,375922,365128,0.9712865966876107,80,10794,97,13,204,695,,30,62,33,13,ストームジン Lv83 / アビスジェリー Lv97 / ルーメンオウル Lv92
211,rush,速攻,1234499937,stuck,0,thunder_ruins,boss_retry_cap,1000,400,80,442,231,211,1674,236,206,0,0,630,0,0,10,0,0,0,2,2,2,0,1,1,1,0,0,0,798,47880,442,26,8,46071,10000,2750,10612,58901,58492,0.9930561450569599,80,409,49,9,,,,3,33,3,6,ペブロン Lv49 / リーフリン Lv49 / ぷるミン Lv49
212,balanced,バランス,1871041309,stuck,0,sky_ruins,boss_retry_cap,1000,400,80,834,555,279,24758,566,268,0,0,852,78,1,235,0,138,79,47,14,12,0,1,1,1,0,0,0,3734,224040,834,43,12,455968,55830,6850,272372,518728,496412,0.9569793803303466,80,22316,100,13,155,,,15,60,15,12,コーラルルーメ Lv100 / ルミネル Lv100 / アイスタートル Lv100
213,collector,収集・配合,2950729911,completed,1,,,1000,400,80,608,426,182,18938,410,198,0,0,750,140,1,256,0,106,71,128,25,23,341,342,280,0.8187134502923976,1,42,0,2831,169860,608,45,11,294372,64480,5600,152651,364532,339561,0.9314984692701875,80,24971,100,12,177,571,,25,59,27,13,ストームジン Lv76 / アビスジェリー Lv100 / コーラルルーメ Lv100
214,rush,速攻,3398861909,stuck,0,tower,boss_retry_cap,1000,400,80,272,142,130,1012,146,126,0,0,413,0,0,12,0,0,0,2,2,2,0,1,1,1,0,0,0,317,19020,272,23,6,16502,6400,1550,5224,24532,24244,0.9882602315343225,80,288,33,7,,,,3,23,3,4,つぼみラビ Lv31 / リーフリン Lv33 / ぷるミン Lv33
215,balanced,バランス,2760553312,completed,1,,,1000,400,80,783,521,262,12277,524,259,0,0,815,106,1,241,0,72,26,46,13,12,0,1,1,1,0,0,0,4330,259800,783,43,12,344720,63480,6850,125668,415130,385468,0.9285476838580685,80,29662,100,13,43,,,14,63,14,13,雲ぷる Lv93 / ヘルナイト Lv94 / ルミネル Lv100
216,collector,収集・配合,3564999233,stuck,0,deep_sea_temple,campaign_battle_cap_at_boss,1000,400,80,1000,772,228,13139,575,425,0,0,1186,123,1,231,0,67,43,98,25,24,428,429,384,0.8951048951048951,2,63,0,2695,161700,1000,39,12,215353,28580,6850,63264,250863,246364,0.9820659084839135,8,4499,86,13,320,324,,24,54,28,10,ルーメンオウル Lv86 / アビスジェリー Lv64 / ルミネル Lv83
217,rush,速攻,4263615574,stuck,0,prism_sanctuary,boss_retry_cap,1000,400,80,421,224,197,1437,228,193,0,0,545,0,0,8,0,0,0,4,2,2,0,1,1,1,0,0,0,978,58680,421,28,8,56727,12500,2750,12902,72057,71582,0.9934079964472571,80,475,54,9,,,,3,34,3,7,シンダーホーン Lv51 / ペブロン Lv53 / ぷるミン Lv54
218,balanced,バランス,3222983811,completed,1,,,1000,400,80,860,570,290,15389,577,283,0,0,902,151,1,251,0,98,35,32,13,13,0,1,1,1,0,0,0,4174,250440,860,43,12,379615,63480,6850,164689,450025,415129,0.9224576412421532,80,34896,100,13,246,,,14,65,14,13,雲ぷる Lv100 / アビスフィン Lv100 / ルミネル Lv100
219,collector,収集・配合,25313690,completed,1,,,1000,400,80,762,543,219,20606,524,238,0,0,777,145,1,342,0,63,63,105,26,25,450,451,388,0.8603104212860311,1,22,0,3601,216060,762,45,12,414804,64480,6850,222376,486214,460936,0.9480105467962666,80,25278,100,13,153,153,,26,60,27,13,ドゥームゲイザー Lv100 / 雲ぷる Lv100 / コーラルルーメ Lv100
220,rush,速攻,2513325530,stuck,0,thunder_ruins,boss_retry_cap,1000,400,80,471,245,226,1659,251,220,0,0,697,0,0,9,0,0,0,2,2,2,0,1,1,1,0,0,0,769,46140,471,26,8,44196,10000,2750,10504,57026,56644,0.993301301160874,80,382,48,9,,,,3,31,3,6,リーフリン Lv48 / ぷるミン Lv48 / プフバット Lv48
221,balanced,バランス,2551780333,stuck,0,demon_gate,boss_retry_cap,1000,400,80,780,523,257,25541,522,258,0,0,794,66,1,307,0,103,67,44,15,13,0,1,1,1,0,0,0,3776,226560,780,41,12,356968,44430,6850,162617,408328,389177,0.953098979251974,80,19151,100,13,26,,,16,53,16,11,コーラルルーメ Lv100 / ルミネル Lv100 / スノーフェア Lv100
222,collector,収集・配合,1738508845,stuck,0,demon_gate,boss_training_campaign_cap,1000,400,80,1000,725,275,40804,726,274,0,0,935,189,1,373,0,167,122,78,29,27,580,581,540,0.9294320137693631,2,62,0,3758,225480,1000,43,13,411386,49780,8250,192012,469496,446492,0.9510027774464532,80,23004,100,14,66,200,,28,59,31,11,コーラルルーメ Lv100 / ルーメンオウル Lv100 / ルミネル Lv100
223,rush,速攻,2194374981,stuck,0,thunder_ruins,boss_retry_cap,1000,400,80,412,217,195,1454,220,192,0,0,581,0,0,12,0,0,0,4,2,2,0,1,1,1,0,0,0,703,42180,412,26,8,40130,10000,2750,9698,52960,51878,0.9795694864048339,80,1082,47,9,,,,3,31,3,6,リーファウル Lv45 / リーフリン Lv46 / ぷるミン Lv47
224,balanced,バランス,1647334223,completed,1,,,1000,400,80,477,315,162,4146,326,151,0,0,521,86,1,144,0,17,14,59,14,13,0,1,1,1,0,0,0,3360,201600,477,44,10,211752,64330,4500,64286,280662,265886,0.9473530438748388,80,14776,90,11,127,426,,15,62,15,13,ストームジン Lv87 / ヘルナイト Lv85 / ルーメンオウル Lv90
225,collector,収集・配合,3569317751,completed,1,,,1000,400,80,833,591,242,39454,572,261,0,0,1009,192,1,368,0,233,174,121,25,24,487,488,415,0.8504098360655737,2,74,0,3630,217800,833,45,12,422758,64480,6850,227304,494168,469454,0.9499886678214696,80,24714,100,13,266,579,,24,65,27,13,ストームジン Lv89 / アビスジェリー Lv100 / ルーメンオウル Lv100
226,rush,速攻,3858404518,stuck,0,prism_sanctuary,boss_retry_cap,1000,400,80,563,294,269,2074,300,263,0,0,833,0,0,11,0,0,0,2,2,2,0,1,1,1,0,0,0,1270,76200,563,28,9,76716,12500,3550,16110,92846,92310,0.994226999547638,80,536,60,10,,,,3,35,3,7,ドリモール Lv57 / リーフリン Lv60 / ぷるミン Lv60
227,balanced,バランス,2196371565,stuck,0,sky_ruins,boss_retry_cap,1000,400,80,864,577,287,19385,580,284,0,0,940,142,1,141,0,130,119,65,13,12,0,1,1,1,0,0,0,3766,225960,864,42,12,457473,54980,6850,271985,519383,497945,0.9587241014819508,80,21438,100,13,,,,14,63,14,12,アビスジェリー Lv100 / ルミネル Lv100 / アイアンマンティス Lv100
228,collector,収集・配合,2670592571,completed,1,,,1000,400,80,915,658,257,14223,657,258,0,0,843,162,1,145,0,88,67,97,26,23,527,528,473,0.8958333333333334,2,31,0,3747,224820,915,45,12,403674,64480,6850,199608,475084,450778,0.9488385211878321,80,24306,100,13,62,211,,25,64,29,13,ドゥームゲイザー Lv98 / アビスジェリー Lv100 / ルミネル Lv100
229,rush,速攻,3647487525,stuck,0,thunder_ruins,boss_retry_cap,1000,400,80,447,234,213,1429,238,209,0,0,630,0,0,8,0,0,0,2,2,2,0,1,1,1,0,0,0,780,46800,447,26,8,45142,10000,2750,10783,57972,57583,0.9932898640723108,80,389,49,9,,,,3,31,3,6,リーファウル Lv48 / ぷるミン Lv49 / プフバット Lv49
230,balanced,バランス,1737114717,completed,1,,,1000,400,80,740,492,248,9524,496,244,0,0,788,203,1,163,0,52,40,62,13,12,0,1,1,1,0,0,0,3968,238080,740,43,11,386037,63480,5600,188179,455197,426259,0.9364275247859718,80,28938,100,12,319,,,14,62,14,13,雲ぷる Lv100 / アビスフィン Lv100 / クラッグベア Lv100
231,collector,収集・配合,4006044356,completed,1,,,1000,400,80,847,611,236,38603,569,278,0,0,995,191,1,301,0,233,180,160,24,22,456,457,395,0.8643326039387309,1,40,0,3326,199560,847,45,12,346144,64480,6850,174717,417554,397077,0.9509596363584111,80,20477,100,13,220,832,,24,63,26,13,アビスジェリー Lv100 / ストームジン Lv73 / ルーメンオウル Lv98
232,rush,速攻,1156455748,stuck,0,thunder_ruins,boss_retry_cap,1000,400,80,410,215,195,1442,220,190,0,0,580,0,0,8,0,0,0,2,2,2,0,1,1,1,0,0,0,755,45300,410,26,8,42773,10000,2750,9826,55603,55126,0.991421326187436,80,477,48,9,,,,3,32,3,6,トゲホッグ Lv47 / つぼみラビ Lv48 / ぷるミン Lv48
233,balanced,バランス,4276733548,completed,1,,,1000,400,80,501,330,171,6524,342,159,0,0,521,51,1,286,0,20,17,43,14,13,0,1,1,1,1,12,0,3645,218700,501,45,10,224728,64480,4500,60413,293788,279113,0.9500490149359402,80,14675,95,11,250,428,,14,61,16,13,ドゥームゲイザー Lv86 / ルーメンオウル Lv94 / コーラルルーメ Lv95
234,collector,収集・配合,2383268630,completed,1,,,1000,400,80,550,380,170,9167,377,173,0,0,647,121,1,155,0,67,31,132,29,26,326,327,262,0.8012232415902141,0,0,0,3035,182100,550,44,10,273922,64330,4500,123800,342832,322200,0.9398189200541373,80,20632,100,11,50,395,,30,60,30,13,ドゥームゲイザー Lv96 / ルーメンオウル Lv96 / アビスフィン Lv100
235,rush,速攻,3790016134,stuck,0,prism_sanctuary,boss_retry_cap,1000,400,80,522,280,242,1861,273,249,0,0,770,0,0,11,0,0,0,3,2,2,0,1,1,1,0,0,0,1154,69240,522,28,9,69832,12500,3550,16196,85962,85436,0.9938810171936437,80,526,58,10,,,,3,34,3,7,ドリモール Lv56 / ぷるミン Lv58 / プフバット Lv57
236,balanced,バランス,1251049121,completed,1,,,1000,400,80,612,405,207,2165,416,196,0,0,628,139,1,19,0,0,0,31,14,12,0,1,1,1,0,0,0,4123,247380,612,44,11,259259,64330,5600,67009,329269,314389,0.954808985965882,80,14880,100,12,172,,,15,61,15,13,ヘルナイト Lv86 / ゲイルグリフ Lv87 / ヨミオオカミ Lv100
237,collector,収集・配合,1133967154,completed,1,,,1000,400,80,625,432,193,7804,429,196,0,0,724,159,1,231,0,62,7,127,20,18,357,358,295,0.8240223463687151,1,45,0,3321,199260,625,45,11,322873,64480,5600,152199,393033,369309,0.9396386562960362,80,23724,100,12,71,409,,20,63,22,13,ドゥームゲイザー Lv100 / アビスジェリー Lv100 / 雲ぷる Lv88
238,rush,速攻,3121916372,stuck,0,tower,boss_retry_cap,1000,400,80,288,154,134,981,150,138,0,0,387,0,0,9,0,0,0,2,2,2,0,1,1,1,0,0,0,307,18420,288,23,6,15884,6400,1550,5200,23914,23620,0.9877059463076022,80,294,32,7,,,,3,25,3,4,アワマリン Lv31 / プフバット Lv32 / ぷるミン Lv32
239,balanced,バランス,3569985699,completed,1,,,1000,400,80,630,426,204,13626,407,223,0,0,732,103,1,239,0,65,57,55,13,12,0,1,1,1,0,0,0,4124,247440,630,43,11,270666,63480,5600,77886,339826,325326,0.9573311047418385,80,14500,100,12,588,588,,14,60,14,13,ストームジン Lv79 / アビスジェリー Lv100 / ルーメンオウル Lv100
240,collector,収集・配合,2195979265,stuck,0,sky_ruins,boss_retry_cap,1000,400,80,903,647,256,27519,649,254,0,0,886,148,1,230,0,128,109,95,24,22,557,558,506,0.9068100358422939,2,29,0,3516,210960,903,44,12,533842,55980,6850,325516,596752,564326,0.9456625197737083,80,32426,100,13,396,,,23,63,26,12,ヘルナイト Lv100 / コーラルルーメ Lv100 / ルミネル Lv100
241,rush,速攻,562249437,stuck,0,thunder_ruins,boss_retry_cap,1000,400,80,565,293,272,2096,297,268,0,0,861,0,0,9,0,0,0,2,2,2,0,1,1,1,0,0,0,891,53460,565,26,8,53884,10000,2750,12819,66714,66279,0.9934796294630812,80,435,51,9,,,,3,33,3,6,つぼみラビ Lv51 / ぷるミン Lv51 / プフバット Lv51
242,balanced,バランス,4274074321,completed,1,,,1000,400,80,647,428,219,7890,435,212,0,0,723,172,1,175,0,36,36,59,11,11,0,1,1,1,0,0,0,4438,266280,647,43,11,303739,63480,5600,79232,372899,345512,0.9265565206664539,80,27387,100,12,371,507,,12,60,12,13,ドゥームゲイザー Lv94 / 雲ぷる Lv97 / アビスフィン Lv100
243,collector,収集・配合,591097156,completed,1,,,1000,400,80,752,530,222,15938,520,232,0,0,794,121,1,280,0,77,54,112,24,23,420,421,362,0.8598574821852731,1,10,0,3646,218760,752,45,11,349289,64480,5600,156125,419449,395885,0.9438215373025087,80,23564,100,12,222,584,,24,62,26,13,ドゥームゲイザー Lv98 / 雲ぷる Lv97 / アビスジェリー Lv100
244,rush,速攻,939197356,stuck,0,thunder_ruins,boss_retry_cap,1000,400,80,465,243,222,1703,247,218,0,0,666,0,0,9,0,0,0,3,2,2,0,1,1,1,0,0,0,807,48420,465,26,8,47037,10000,2750,11027,59867,59447,0.9929844488616433,80,420,49,9,,,,3,33,3,6,トゲホッグ Lv49 / ぷるミン Lv49 / プフバット Lv49
245,balanced,バランス,1358411718,stuck,0,demon_gate,boss_retry_cap,1000,400,80,696,462,234,32591,471,225,0,0,727,83,1,386,0,112,82,29,13,12,0,1,1,1,0,0,0,3683,220980,696,40,11,324924,41780,5600,133438,372384,354418,0.9517541032912262,80,17966,100,12,,,,14,57,14,11,ルーメンオウル Lv100 / コーラルルーメ Lv100 / ルミネル Lv100
246,collector,収集・配合,842984659,completed,1,,,1000,400,80,573,394,179,11288,391,182,0,0,677,112,1,238,0,81,24,108,25,24,305,306,248,0.8104575163398693,1,36,0,3124,187440,573,45,10,242638,64480,4500,98384,311698,301074,0.9659157261195132,80,10624,96,11,162,384,,25,62,26,13,パールセラフ Lv89 / ストームジン Lv85 / ルーメンオウル Lv96
247,rush,速攻,4020247642,stuck,0,snowfield,boss_retry_cap,1000,400,80,337,176,161,1254,181,156,0,0,480,0,0,9,0,0,0,3,2,2,0,1,1,1,0,0,0,530,31800,337,25,7,28507,9000,2100,7530,39687,39330,0.9910046110817144,80,357,41,8,,,,3,29,3,5,ドリモール Lv40 / ぷるミン Lv41 / プフバット Lv41
248,balanced,バランス,4249330834,completed,1,,,1000,400,80,917,609,308,31152,615,302,0,0,983,128,1,339,0,127,95,43,14,13,0,1,1,1,0,0,0,4028,241680,917,44,12,451651,64330,6850,251582,522911,493262,0.94330010269434,80,29649,100,13,197,,,15,63,15,13,アビスジェリー Lv100 / 雲ぷる Lv100 / ルミネル Lv100
249,collector,収集・配合,2389637460,completed,1,,,1000,400,80,778,563,215,7950,541,237,0,0,820,143,1,78,0,43,0,145,31,29,454,455,376,0.8263736263736263,3,92,35,3883,232980,778,45,12,319049,64480,6850,123883,390459,379563,0.9720943812282468,80,10896,100,13,205,651,,29,65,35,13,ドゥームゲイザー Lv84 / アビスジェリー Lv94 / アビスフィン Lv100
250,rush,速攻,1806079907,stuck,0,thunder_ruins,boss_retry_cap,1000,400,80,489,256,233,1959,258,231,0,0,702,0,0,12,0,0,0,2,2,2,0,1,1,1,0,0,0,840,50400,489,26,8,49276,10000,2750,11238,62106,61638,0.9924644961839436,80,468,50,9,,,,3,32,3,6,ペブロン Lv50 / ぷるミン Lv50 / リーフリン Lv50
251,balanced,バランス,837661836,stuck,0,prism_sanctuary,boss_retry_cap,1000,400,80,490,340,150,2319,297,193,0,0,605,59,1,32,0,0,0,30,9,8,0,1,1,1,0,0,0,1268,76080,490,31,9,86774,13180,3550,26273,103584,102353,0.9881159252394193,30,1231,60,10,,,,10,35,10,7,スノーフェア Lv59 / グルーモス Lv60 / クリスタゴン Lv59
252,collector,収集・配合,1235685807,completed,1,,,1000,400,80,664,462,202,20107,461,203,0,0,721,106,1,334,0,140,55,105,21,19,365,366,313,0.855191256830601,0,0,0,3853,231180,664,44,11,323237,64330,5600,126509,393247,375939,0.9559869496779377,80,17308,100,12,49,530,,22,62,22,13,ドゥームゲイザー Lv88 / 雲ぷる Lv99 / ルーメンオウル Lv100
253,rush,速攻,4069514254,stuck,0,tower,boss_retry_cap,1000,400,80,265,140,125,930,141,124,0,0,375,0,0,7,0,0,0,4,2,2,0,1,1,1,0,0,0,308,18480,265,23,6,15792,6400,1550,5058,23822,23538,0.9880782469985727,80,284,33,7,,,,3,24,3,4,アワマリン Lv31 / つぼみラビ Lv32 / ぷるミン Lv33
254,balanced,バランス,2816685795,stuck,0,sky_ruins,boss_retry_cap,1000,400,80,849,564,285,3772,575,274,0,0,872,270,1,32,0,0,0,46,13,12,0,1,1,1,0,0,0,3807,228420,849,42,12,462201,54980,6850,273636,524111,502056,0.9579192194019969,80,22055,100,13,140,,,14,63,14,12,ヘルナイト Lv100 / クラッグベア Lv100 / アイスタートル Lv100
255,collector,収集・配合,3238645226,completed,1,,,1000,400,80,975,698,277,41991,682,293,0,0,1015,185,1,298,0,209,172,114,30,28,578,579,510,0.8808290155440415,2,70,0,3782,226920,975,45,13,500695,64480,8250,292456,573505,548276,0.9560091019258768,80,25229,100,14,65,666,,29,66,32,13,ドゥームゲイザー Lv100 / アビスジェリー Lv100 / ルーメンオウル Lv100
256,rush,速攻,3339373798,stuck,0,prism_sanctuary,boss_retry_cap,1000,400,80,477,251,226,1667,257,220,0,0,707,0,0,8,0,0,0,4,2,2,0,1,1,1,0,0,0,1148,68880,477,28,8,68077,12500,2750,13883,83407,82763,0.9922788255182419,80,644,57,9,,,,3,33,3,7,ドリモール Lv53 / リーフリン Lv57 / ぷるミン Lv57
257,balanced,バランス,1068375784,completed,1,,,1000,400,80,625,415,210,5387,423,202,0,0,658,103,1,87,0,37,0,77,13,11,0,1,1,1,0,0,0,3983,238980,625,43,11,271806,63480,5600,80238,340966,319218,0.9362165142565534,80,21748,100,12,527,,,14,61,14,13,アビスジェリー Lv92 / ヘルナイト Lv89 / シンダーホーン Lv100
258,collector,収集・配合,257421299,completed,1,,,1000,400,80,863,615,248,29188,609,254,0,0,924,166,1,378,0,129,102,99,30,28,498,499,437,0.875751503006012,2,48,0,3727,223620,863,45,12,412802,64480,6850,211188,484212,459708,0.9493940670615351,80,24504,100,13,62,620,,29,63,32,13,ドゥームゲイザー Lv100 / 雲ぷる Lv100 / ルーメンオウル Lv100
259,rush,速攻,377640332,stuck,0,prism_sanctuary,boss_retry_cap,1000,400,80,520,272,248,1660,279,241,0,0,743,0,0,9,0,0,0,4,2,2,0,1,1,1,0,0,0,1262,75720,520,28,9,75243,12500,3550,15043,91373,90763,0.9933240672846464,80,610,59,10,,,,3,33,3,7,グルーモス Lv57 / ぷるミン Lv59 / リーフリン Lv59
260,balanced,バランス,2962304583,stuck,0,demon_gate,boss_retry_cap,1000,400,80,928,617,311,15487,627,301,0,0,968,92,1,197,0,69,60,39,15,13,0,1,1,1,0,0,0,4070,244200,928,42,12,384055,49630,6850,178813,440615,423013,0.9600512919442143,80,17602,100,13,478,,,16,56,16,11,コーラルルーメ Lv100 / クリスタゴン Lv100 / グルーモス Lv100
261,collector,収集・配合,4262330937,stuck,0,sky_ruins,campaign_battle_cap_at_boss,1000,400,80,1000,723,277,48335,715,285,0,0,1063,201,1,389,0,204,146,86,27,25,591,592,541,0.9138513513513513,2,68,0,3684,221040,1000,44,13,515964,55980,8250,298266,580274,548856,0.9458566125657879,80,31418,100,14,247,,,26,62,30,12,アビスジェリー Lv100 / ルーメンオウル Lv100 / コーラルルーメ Lv100
262,rush,速攻,3953894548,stuck,0,thunder_ruins,boss_retry_cap,1000,400,80,540,280,260,2039,285,255,0,0,781,0,0,10,0,0,0,2,2,2,0,1,1,1,0,0,0,892,53520,540,26,8,53443,10000,2750,12277,66273,65797,0.9928175878562914,80,476,52,9,,,,3,32,3,6,トゲホッグ Lv51 / ぷるミン Lv52 / プフバット Lv52
263,balanced,バランス,2872653043,completed,1,,,1000,400,80,776,517,259,8269,521,255,0,0,805,194,1,168,0,35,34,45,14,12,0,1,1,1,0,0,0,4502,270120,776,44,12,342125,64330,6850,113999,413385,384119,0.929204010788974,80,29266,100,13,439,,,15,61,15,13,雲ぷる Lv95 / ヘルナイト Lv93 / スチールバグ Lv100
264,collector,収集・配合,2203196763,stuck,0,sky_ruins,boss_training_campaign_cap,1000,400,80,1000,724,276,45730,706,294,0,0,1002,159,1,304,0,249,162,84,26,23,594,595,534,0.8974789915966387,1,6,0,3366,201960,1000,44,13,487213,55980,8250,289792,551523,521452,0.9454764352529269,80,30071,100,14,69,,,26,65,28,12,アビスジェリー Lv100 / ルーメンオウル Lv100 / ルミネル Lv100
265,rush,速攻,3778539839,stuck,0,thunder_ruins,boss_retry_cap,1000,400,80,473,246,227,1920,252,221,0,0,675,0,0,11,0,0,0,2,2,2,0,1,1,1,0,0,0,819,49140,473,26,8,47919,10000,2750,11162,60749,60302,0.9926418541869002,80,447,50,9,,,,3,34,3,6,ペブロン Lv49 / つぼみラビ Lv49 / ぷるミン Lv50
266,balanced,バランス,2230805033,completed,1,,,1000,400,80,673,445,228,8013,453,220,0,0,724,168,1,322,0,27,26,40,12,12,0,1,1,1,0,0,0,4357,261420,673,43,11,284822,63480,5600,71123,353982,332543,0.9394347735195575,80,21439,100,12,214,,,13,63,13,13,ヘルナイト Lv90 / 雲ぷる Lv92 / コーラルルーメ Lv100
267,collector,収集・配合,2950269841,completed,1,,,1000,400,80,795,557,238,13753,555,240,0,0,857,154,1,260,0,69,38,83,26,26,421,422,371,0.8791469194312796,1,40,0,4243,254580,795,45,12,331037,64480,6850,112099,402447,387729,0.9634287247761817,80,14718,99,13,285,647,,26,64,28,13,ドゥームゲイザー Lv95 / アビスジェリー Lv99 / 雲ぷる Lv98
268,rush,速攻,566351469,stuck,0,tower,boss_retry_cap,1000,400,80,285,150,135,1120,151,134,0,0,431,0,0,15,0,0,0,2,2,2,0,1,1,1,0,0,0,317,19020,285,23,6,16956,6400,1550,5673,24986,24693,0.9882734331225487,80,293,33,7,,,,3,23,3,4,リーフリン Lv33 / つぼみラビ Lv32 / ぷるミン Lv33
269,balanced,バランス,573222570,stuck,0,sky_ruins,boss_retry_cap,1000,400,80,929,630,299,32657,604,325,0,0,1044,178,1,220,0,156,147,69,15,13,0,1,1,1,0,0,0,3659,219540,929,43,12,496204,55830,6850,317838,558964,537378,0.9613821283660486,80,21586,100,13,,,,16,61,16,12,アビスジェリー Lv100 / ルミネル Lv100 / スノーフェア Lv100
270,collector,収集・配合,1450227335,completed,1,,,1000,400,80,734,535,199,13670,545,189,0,0,683,129,1,341,0,51,26,95,27,24,435,436,385,0.8830275229357798,4,103,90,3566,213960,734,45,11,284448,64480,5600,106244,354608,341954,0.9643155258764607,80,12654,100,12,116,280,,24,64,32,13,グレイシャーファング Lv100 / アビスジェリー Lv91 / 雲ぷる Lv97
271,rush,速攻,2390768681,stuck,0,prism_sanctuary,boss_retry_cap,1000,400,80,533,281,252,1915,283,250,0,0,765,0,0,10,0,0,0,2,2,2,0,1,1,1,0,0,0,1231,73860,533,28,9,73894,12500,3550,15648,90024,89508,0.9942681951479605,80,516,59,10,,,,3,34,3,7,ドリモール Lv57 / ぷるミン Lv59 / リーフリン Lv59
272,balanced,バランス,2976886084,stuck,0,sky_ruins,boss_retry_cap,1000,400,80,825,556,269,31503,543,282,0,0,916,92,1,318,0,109,104,60,14,13,0,1,1,1,0,0,0,3668,220080,825,43,12,427607,55830,6850,247743,490367,467823,0.9540262701201345,80,22544,100,13,198,,,15,63,15,12,コーラルルーメ Lv100 / ルーメンオウル Lv100 / ヨミオオカミ Lv100
273,collector,収集・配合,4045053471,completed,1,,,1000,400,80,816,579,237,21173,561,255,0,0,917,168,1,252,0,123,71,115,30,29,458,459,394,0.8583877995642701,1,32,0,3664,219840,816,45,12,386789,64480,6850,191144,458199,433884,0.9469335376113872,80,24315,100,13,191,635,,30,64,32,13,ドゥームゲイザー Lv100 / アビスジェリー Lv100 / ルーメンオウル Lv100
274,rush,速攻,2934491926,stuck,0,prism_sanctuary,boss_retry_cap,1000,400,80,651,340,311,2502,342,309,0,0,965,0,0,11,0,0,0,3,2,2,0,1,1,1,0,0,0,1328,79680,651,28,9,83167,12500,3550,19124,99297,98804,0.995035096730012,80,493,61,10,,,,3,35,3,7,ペブロン Lv59 / リーフリン Lv61 / ぷるミン Lv61
275,balanced,バランス,3571605732,stuck,0,sky_ruins,boss_retry_cap,1000,400,80,949,631,318,3679,642,307,0,0,1000,197,1,19,0,0,0,54,11,9,0,1,1,1,0,0,0,3965,237900,949,42,12,487570,54980,6850,289736,549480,527636,0.9602460508116765,80,21844,100,13,449,,,12,64,12,12,アビスフィン Lv100 / アイアンマンティス Lv100 / クリスタゴン Lv100
276,collector,収集・配合,1725864611,stuck,0,sky_ruins,boss_retry_cap,1000,400,80,973,705,268,55908,685,288,0,0,1089,226,1,379,0,257,190,91,28,26,613,614,549,0.8941368078175895,2,77,0,3319,199140,973,44,13,585984,55980,8250,388331,650294,618121,0.9505254546405164,80,32173,100,14,169,502,,27,63,31,12,ドゥームゲイザー Lv100 / ルーメンオウル Lv100 / アビスジェリー Lv100
277,rush,速攻,4141311737,stuck,0,thunder_ruins,boss_retry_cap,1000,400,80,468,245,223,1789,248,220,0,0,680,0,0,10,0,0,0,3,2,2,0,1,1,1,0,0,0,781,46860,468,26,8,45397,10000,2750,10903,58227,57763,0.9920311882803511,80,464,49,9,,,,3,31,3,6,トゲホッグ Lv48 / ぷるミン Lv49 / リーフリン Lv49
278,balanced,バランス,517381964,stuck,0,prism_sanctuary,boss_retry_cap,1000,400,80,568,425,143,2747,283,285,0,0,891,36,1,22,0,0,0,35,8,8,0,1,1,1,0,0,0,1310,78600,568,31,9,86037,13180,3550,23102,102847,101702,0.9888669577138857,8,1145,62,10,,,,9,34,9,7,スノーフェア Lv60 / グルーモス Lv62 / クリスタゴン Lv60
279,collector,収集・配合,3121267630,completed,1,,,1000,400,80,586,405,181,12328,402,184,0,0,648,92,1,254,0,53,43,103,27,25,324,325,266,0.8184615384615385,0,0,0,3523,211380,586,44,11,274813,64330,5600,104265,344823,331845,0.9623632994318825,80,12978,100,12,174,454,,28,61,28,13,ドゥームゲイザー Lv90 / アビスジェリー Lv99 / コーラルルーメ Lv100
280,rush,速攻,4279262872,stuck,0,thunder_ruins,boss_retry_cap,1000,400,80,440,233,207,1609,232,208,0,0,618,0,0,9,0,0,0,2,2,2,0,1,1,1,0,0,0,768,46080,440,26,8,43822,10000,2750,10151,56652,56231,0.9925686648308975,80,421,48,9,,,,3,32,3,6,トゲホッグ Lv48 / ぷるミン Lv48 / リーフリン Lv48
281,balanced,バランス,975306420,stuck,0,sky_ruins,boss_retry_cap,1000,400,80,869,586,283,22512,570,299,0,0,992,274,1,164,0,132,128,57,13,13,0,1,1,1,0,0,0,3610,216600,869,42,12,452546,54980,6850,275663,514456,492263,0.9568612281711166,80,22193,100,13,396,,,14,64,14,12,ルーメンオウル Lv100 / アビスフィン Lv100 / クリスタゴン Lv100
282,collector,収集・配合,3654306619,stuck,0,demon_gate,boss_retry_cap,1000,400,80,940,679,261,35116,666,274,0,0,1021,210,1,351,0,152,106,103,21,20,567,568,513,0.903169014084507,3,93,0,3721,223260,940,43,13,479444,49780,8250,259797,537554,511407,0.9513593052977003,80,26147,100,14,605,,,19,57,24,11,アビスジェリー Lv100 / コーラルルーメ Lv100 / アイスタートル Lv100
283,rush,速攻,1867795901,stuck,0,thunder_ruins,boss_retry_cap,1000,400,80,455,237,218,1492,243,212,0,0,622,0,0,7,0,0,0,2,2,2,0,1,1,1,0,0,0,765,45900,455,26,8,44094,10000,2750,10607,56924,56507,0.9926744431171386,80,417,48,9,,,,3,33,3,6,リーファウル Lv47 / ぷるミン Lv48 / プフバット Lv48
284,balanced,バランス,484778323,completed,1,,,1000,400,80,776,517,259,15844,517,259,0,0,832,110,1,231,0,81,43,75,13,12,0,1,1,1,0,0,0,3826,229560,776,43,12,360537,63480,6850,171223,430947,400783,0.9300053138785048,80,30164,100,13,184,578,,14,62,14,13,ドゥームゲイザー Lv100 / コーラルルーメ Lv100 / ルミネル Lv100
285,collector,収集・配合,2778604021,stuck,0,sky_ruins,boss_stalled,1000,400,80,790,571,219,30117,525,264,1,1,977,123,1,400,0,164,111,92,25,24,451,452,365,0.8075221238938053,2,79,0,3621,217260,790,44,11,310967,55980,5600,118831,372627,358641,0.9624664879356568,80,13986,100,12,193,646,,24,63,28,12,アビスジェリー Lv97 / ルーメンオウル Lv97 / コーラルルーメ Lv100
286,rush,速攻,2172223321,stuck,0,tower,boss_retry_cap,1000,400,80,271,143,128,991,144,127,0,0,385,0,0,10,0,0,0,4,2,2,0,1,1,1,0,0,0,310,18600,271,23,6,16101,6400,1550,5217,24131,23817,0.9869876921801831,80,314,33,7,,,,3,25,3,4,アワマリン Lv31 / リーフリン Lv32 / ぷるミン Lv33
287,balanced,バランス,3906332026,completed,1,,,1000,400,80,770,509,261,8805,523,247,0,0,791,179,1,70,0,91,0,43,14,12,0,1,1,1,0,0,0,4296,257760,770,44,11,347207,64330,5600,130746,417217,388506,0.9311844915235956,80,28711,100,12,466,,,15,63,15,13,ヘルナイト Lv100 / アビスフィン Lv100 / ルミネル Lv100
288,collector,収集・配合,494399879,completed,1,,,1000,400,80,711,499,212,14842,492,219,0,0,758,113,1,273,0,81,50,104,27,27,373,374,315,0.8422459893048129,2,60,0,2962,177720,711,45,11,246759,64480,5600,100611,316919,296981,0.9370880256469318,80,19938,90,12,249,405,,26,65,30,13,ドゥームゲイザー Lv70 / ストームジン Lv70 / ルーメンオウル Lv90
289,rush,速攻,664548486,stuck,0,prism_sanctuary,boss_retry_cap,1000,400,80,507,270,237,1779,268,239,0,0,732,0,0,8,0,0,0,3,2,2,0,1,1,1,0,0,0,1076,64560,507,28,8,64543,12500,2750,14728,79873,79288,0.9926758729483054,80,585,57,9,,,,3,34,3,7,ドリモール Lv54 / アクアン Lv54 / ぷるミン Lv57
290,balanced,バランス,1531944428,stuck,0,deep_sea_temple,boss_retry_cap,1000,400,80,669,445,224,6111,447,222,0,0,759,53,1,84,0,38,0,34,10,10,0,1,1,1,1,36,0,3727,223620,669,38,11,245246,27730,5600,53035,278656,276655,0.9928191031235646,80,2001,97,12,162,,,10,50,12,10,ルミネル Lv95 / アイスタートル Lv97 / グルーモス Lv89
291,collector,収集・配合,3221670919,completed,1,,,1000,400,80,792,561,231,12696,546,246,0,0,831,165,1,157,0,84,32,106,33,32,435,436,377,0.8646788990825688,1,46,0,3649,218940,792,45,12,312159,64480,6850,124932,383569,365622,0.9532105044985387,80,17947,100,13,255,687,,33,64,34,13,ドゥームゲイザー Lv90 / アビスジェリー Lv93 / ルミネル Lv100
292,rush,速攻,4211121700,stuck,0,tower,boss_retry_cap,1000,400,80,247,131,116,958,132,115,0,0,359,0,0,10,0,0,0,3,2,2,0,1,1,1,0,0,0,298,17880,247,23,6,15000,6400,1550,4863,23030,22743,0.9875379939209726,80,287,32,7,,,,3,24,3,4,トゲホッグ Lv31 / プフバット Lv32 / ぷるミン Lv32
293,balanced,バランス,1042441388,completed,1,,,1000,400,80,718,477,241,7850,480,238,0,0,813,212,1,82,0,69,0,65,12,12,0,1,1,1,0,0,0,4448,266880,718,43,11,313123,63480,5600,89352,382283,356232,0.9318541499360421,80,26051,100,12,354,,,13,63,13,13,ヘルナイト Lv97 / ゲイルグリフ Lv95 / ルミネル Lv100
294,collector,収集・配合,2080891876,stuck,0,demon_gate,boss_stalled,1000,400,80,802,576,226,33716,555,246,1,1,900,166,1,400,0,162,131,100,29,28,439,440,373,0.8477272727272728,2,72,0,3848,230880,802,43,12,299397,49780,6850,99414,356107,352244,0.9891521368577422,80,3863,97,13,431,675,,28,59,31,11,ルーメンオウル Lv94 / コーラルルーメ Lv96 / アビスジェリー Lv97
295,rush,速攻,3952286546,stuck,0,prism_sanctuary,boss_retry_cap,1000,400,80,604,315,289,2255,320,284,0,0,883,0,0,10,0,0,0,2,2,2,0,1,1,1,0,0,0,1329,79740,604,28,9,80896,12500,3550,16697,97026,96437,0.9939294622060066,80,589,61,10,,,,3,34,3,7,ドリモール Lv59 / ぷるミン Lv61 / つぼみラビ Lv61
296,balanced,バランス,4206317087,completed,1,,,1000,400,80,588,391,197,8894,397,191,0,0,635,116,1,166,0,45,44,61,13,11,0,1,1,1,1,5,0,3687,221220,588,45,11,278517,64480,5600,98927,348677,320147,0.9181764211576904,80,28530,100,12,,,,13,61,15,13,コーラルルーメ Lv100 / サンラビ Lv93 / アイアンマンティス Lv100
297,collector,収集・配合,2608448214,completed,1,,,1000,400,80,740,523,217,18451,516,224,0,0,800,121,1,349,0,95,61,97,32,30,398,399,338,0.8471177944862155,2,62,0,3815,228900,740,45,11,301861,64480,5600,111947,372021,360747,0.969695259138597,80,11274,100,12,235,615,,31,65,35,13,ドゥームゲイザー Lv92 / ルーメンオウル Lv100 / 雲ぷる Lv95
298,rush,速攻,1796795455,stuck,0,tower,boss_retry_cap,1000,400,80,300,157,143,1066,159,141,0,0,453,0,0,12,0,0,0,2,2,2,0,1,1,1,0,0,0,327,19620,300,23,6,17415,6400,1550,5558,25445,25178,0.9895067793279623,80,267,34,7,,,,3,25,3,4,プフバット Lv33 / つぼみラビ Lv33 / ぷるミン Lv34
299,balanced,バランス,1902783800,stuck,0,sky_ruins,boss_retry_cap,1000,400,80,999,673,326,15270,657,342,0,0,1088,69,1,164,0,132,12,42,13,12,0,1,1,1,0,0,0,3975,238500,999,42,12,494783,54980,6850,296111,556693,534611,0.960333612960824,80,22082,100,13,,,,14,64,14,12,アビスジェリー Lv100 / サンラビ Lv100 / グルーモス Lv100
300,collector,収集・配合,3398723987,stuck,0,sky_ruins,boss_stalled,1000,400,80,710,498,212,15538,500,209,1,1,724,118,1,400,0,107,37,116,28,27,382,383,325,0.8485639686684073,2,60,0,3277,196620,710,44,11,247537,55980,5600,88677,309197,304397,0.9844759166486091,80,4800,94,12,286,538,,27,65,31,12,パールセラフ Lv73 / 雲ぷる Lv82 / ルーメンオウル Lv94
